Labels,Index
50_Cent_[m.01vvyc_],0
Aaliyah_[m.0x3n],1
Aaron_Carter_[m.01kj0z9],2
Aaron_Eckhart_[m.03t4cz],3
Aaron_Paul_[m.03qj7gf],4
Aaron_Rodgers_[m.04q06_],5
Aaron_Stanford_[m.05b3lc],6
Aaron_Tveit_[m.05mr84n],7
Abbi_Jacobson_[m.0hc8y83],8
Abigail_Breslin_[m.07r_dg],9
Abraham_Mateo_[m.0dgpdrr],10
Action_Bronson_[m.0gyxd9x],11
Adam_Baldwin_[m.038nv6],12
Adam_Bartley_[g.11cs12bg7b],13
Adam_Brody_[m.0214df],14
Adam_Devine_[m.0gvvskl],15
Adam_Driver_[m.0hcgs_k],16
Adam_Gregory_[m.05b0_08],17
Adam_Jones_[m.05y7sy],18
Adam_Lambert_[m.07sbny7],19
Adam_Lavorgna_[m.05x6zw],20
Adam_Levine_[m.044mfr],21
Adam_Rodriguez_[m.0311ls],22
Adam_Sandler_[m.0pz91],23
Adam_Scott_[m.06c_41],24
Adam_West_[m.01pm0_],25
Adele_[m.02z4b_8],26
Adore_Delano_[m.0zn0g8f],27
Adria_Arjona_[m.0pcpb81],28
Adriana_Lima_[m.03qvwf],29
Adrianne_Palicki_[m.0d0jy3],30
Adrien_Brody_[m.01cj6y],31
Afrojack_[m.0g546s5],32
Aidan_Quinn_[m.045c66],33
Aidy_Bryant_[m.0n4chb2],34
Aisha_Tyler_[m.028r8n],35
Aj_Styles_[m.037s35],36
Al_Gore_[m.0d05fv],37
Al_Jarreau_[m.02znr9],38
Al_Pacino_[m.0bj9k],39
Al_Roker_[m.02v0ff],40
Alan_Alda_[m.0jmj],41
Alan_Arkin_[m.015grj],42
Alan_Jackson_[m.016c8l],43
Alan_Rickman_[m.09y20],44
Alan_Simpson_[m.03f_3t],45
Alan_Tudyk_[m.02w29z],46
Alanis_Morissette_[m.0gdh5],47
Alaska_Thunderfuck_[m.0t53d36],48
Alec_Baldwin_[m.018ygt],49
Alejandro_Sanz_[m.03c602],50
Alex_Borstein_[m.03jldb],51
Alex_Jones_[m.01_6j_],52
Alex_Saxon_[m.0hc9s3k],53
Alex_Turner_[m.025sk4w],54
Alexa_Bliss_[m.0102pkzb],55
Alexandra_Breckenridge_[m.0bz22v],56
Alexandra_Daddario_[m.05s_cwp],57
Alexis_Arquette_[m.02zjrf],58
Alexis_Bledel_[m.0217kz],59
Alexis_Denisof_[m.01509x],60
Alexis_Dziena_[m.07jwkn],61
Alexis_Knapp_[m.0gvn_rg],62
Alexis_Sanchez_[m.0fcnw6],63
Alexis_Texas_[m.02xb4d3],64
Alfonso_Ribeiro_[m.05_6vk],65
Ali_Landry_[m.031sqf],66
Ali_Larter_[m.03359d],67
Ali_Wong_[m.0y5cv6m],68
Alia_Shawkat_[m.013s8s],69
Alicia_Fox_[m.03ykjtc],70
Alicia_Keys_[m.0g824],71
Alicia_Silverstone_[m.0j5q3],72
Alison_Brie_[m.04kr63w],73
Alison_Haislip_[m.04f17yf],74
Allie_Deberry_[m.0glnvrp],75
Allison_Harvard_[m.05f9g_w],76
Allison_Janney_[m.02bkdn],77
Allison_Stokke_[g.11b66cmjcz],78
Allison_Williams_[m.0b686rf],79
Ally_Sheedy_[m.02f8lw],80
Ally_Walker_[m.08st73],81
Aly_Michalka_[m.039qrr],82
Aly_Raisman_[m.0cmbj2h],83
Alyson_Hannigan_[m.0c01c],84
Alyson_Stoner_[m.02bwjv],85
Alyssa_Milano_[m.01pw2f1],86
Amanda_Bynes_[m.01cwkq],87
Amanda_Peet_[m.03m8lq],88
Amanda_Plummer_[m.03z509],89
Amanda_Seyfried_[m.03zz8b],90
Amandla_Stenberg_[m.0gklrqy],91
Amber_Benson_[m.01g5kv],92
Amber_Heard_[m.02qpwvy],93
Amber_Liu_[m.0g9yg2f],94
Amber_Riley_[m.080knyg],95
Amber_Rose_[m.0138mszc],96
America_Ferrera_[m.04mhxx],97
Amerie_[m.039byr],98
Amy_Acker_[m.0332rf],99
Amy_Adams_[m.0b25vg],100
Amy_Jo_Johnson_[m.01py3ff],101
Amy_Lee_[m.024_gy],102
Amy_Poehler_[m.03q45x],103
Amy_Schumer_[m.02wcd14],104
Amy_Sedaris_[m.024rx_],105
Amy_Smart_[m.03ds83],106
Amy_Winehouse_[m.01pq5j7],107
Anders_Holm_[m.0gvsytw],108
Anderson_Silva_[m.0djnt1],109
Andie_Macdowell_[m.0bzzf],110
Andrew_Dice_Clay_[m.027x63],111
Andrew_Garfield_[m.0fjmbk],112
Andrew_Mccarthy_[m.01rcg5],113
Andrew_Rannells_[m.0ddlr0],114
Andy_Biersack_[m.0n46mwr],115
Andy_Dick_[m.02zrv7],116
Andy_Milonakis_[m.0fcm86],117
Andy_Murray_[m.03wc52],118
Andy_Samberg_[m.07ymr5],119
Angela_Bassett_[m.02jt1k],120
Angela_Lansbury_[m.0161h5],121
Angela_Raiola_[g.11clw4b9v2],122
Angela_Robinson_[m.07b8st],123
Angelina_Jolie_[m.0f4vbz],124
Angell_Conwell_[m.0cj0pq],125
Angie_Harmon_[m.03sysz],126
Anjelah_Johnson_[m.02wvp8h],127
Anjelica_Huston_[m.01j5ts],128
Ann_Sothern_[m.02l0sf],129
Anna_Camp_[m.065ydwb],130
Anna_Faris_[m.01pk3z],131
Anna_Kendrick_[m.04066xj],132
Anna_Maria_Horsford_[m.08v5rq],133
Anna_Nicole_Smith_[m.0hwfl],134
Annasophia_Robb_[m.06cfrk],135
Anne_Baxter_[m.019l3m],136
Anne_Hathaway_[m.02vntj],137
Annie_Ilonzeh_[m.0b74810],138
Annie_Potts_[m.018lp7],139
Ansel_Elgort_[m.0t5w1q8],140
Anthony_Anderson_[m.042xrr],141
Anthony_Edwards_[m.0210hf],142
Anthony_Hamilton_[m.071pvb],143
Anthony_Kiedis_[m.01ttg5],144
Anthony_Michael_Hall_[m.01jvs4],145
Anthony_Perkins_[m.016dgz],146
Antoine_Griezmann_[m.09gfz4m],147
Anton_Yelchin_[m.040696],148
Antonio_Banderas_[m.0436kgz],149
Antonio_Brown_[m.09v1tx9],150
Anuel_Aa_[g.11b7_v1rz5],151
Arden_Cho_[m.0gk_68j],152
Aretha_Franklin_[m.012vd6],153
Ariana_Grande_[m.09gkdy4],154
Ariel_Winter_[m.0404wqb],155
Arielle_Vandenberg_[m.0gcxmh3],156
Arizona_Muse_[m.0gg68rw],157
Armie_Hammer_[m.03y9941],158
Arnold_Schwarzenegger_[m.0tc7],159
Arsenio_Hall_[m.01p8q4],160
Artie_Lange_[m.01xwqn],161
Asa_Akira_[m.051ypr_],162
Asap_Rocky_[m.0hhqp47],163
Ashlee_Simpson_[m.033wx9],164
Ashley_Benson_[m.06qw3f],165
Ashley_Graham_[m.0bs4fxm],166
Ashley_Greene_[m.03w9v1d],167
Ashley_Johnson_[m.031y7z],168
Ashley_Judd_[m.0btxr],169
Ashley_Rickards_[m.04y6s2q],170
Ashley_Tisdale_[m.06tp4h],171
Ashton_Kutcher_[m.01p4vl],172
Aubrey_Dollar_[m.07ms4x],173
Aubrey_Plaza_[m.04y7c3r],174
Audrey_Hepburn_[m.0dqcm],175
Austin_Armacost_[g.11c2p_psbc],176
Austin_Basis_[m.09vvq3f],177
Austin_Butler_[m.03d6k8m],178
Austin_Mahone_[m.0hr9rgd],179
Austin_Pendleton_[m.08jfkw],180
Ava_Gardner_[m.0btyl],181
Avan_Jogia_[m.04ldxgp],182
Avery_Brooks_[m.02tq0b],183
Avi_Kaplan_[m.0k3p3qh],184
Avril_Lavigne_[m.0161c2],185
Axl_Rose_[m.01vv6xv],186
Ayesha_Curry_[m.0j2s7qs],187
Aziz_Ansari_[m.09ypcg],188
Barack_Obama_[m.02mjmr],189
Barbara_Eden_[m.034jjp],190
Barbara_Palvin_[m.0g9s_x6],191
Barbara_Stanwyck_[m.0bw6y],192
Barbra_Streisand_[m.03f2_rc],193
Barry_Gibb_[m.016jfw],194
Barry_Manilow_[m.03f7m4h],195
Barry_White_[m.0flpy],196
Bastian_Schweinsteiger_[m.06n0nr],197
Bea_Arthur_[m.01fs_4],198
Bea_Miller_[m.0b_jr2j],199
Beck_Bennett_[m.0wzrwpp],200
Becki_Newton_[m.025v_qf],201
Becky_G_[m.0p3qdsy],202
Belen_Esteban_[m.0czbxm6],203
Bella_Thorne_[m.0282hk3],204
Bellamy_Young_[m.0ctd8z],205
Ben_Affleck_[m.0151w_],206
Ben_Foster_[m.06mfvc],207
Ben_Gazzara_[m.0428bc],208
Ben_Platt_[m.0wjfjbp],209
Ben_Savage_[m.0300jn],210
Ben_Schwartz_[m.0f135lq],211
Ben_Stein_[m.01n1gc],212
Ben_Stiller_[m.0mdqp],213
Ben_Vereen_[m.01f6nq],214
Benedict_Cumberbatch_[m.070507],215
Benicio_Del_Toro_[m.01qscs],216
Benjamin_Bratt_[m.01tfck],217
Benjamin_Walker_[m.026vtp4],218
Benny_Hill_[m.01pmqs3],219
Bernadette_Peters_[m.01ccr8],220
Bernie_Mac_[m.02lj6p],221
Bernie_Sanders_[m.01_gbv],222
Beth_Behrs_[m.0gdm3kd],223
Bethany_Joy_Lenz_[m.05h0n2],224
Bette_Davis_[m.0h1m9],225
Bette_Midler_[m.01dw9z],226
Betty_Compson_[m.0173s_],227
Betty_White_[m.025mb_],228
Beyonce_[m.01mpq7s],229
Bianca_Del_Rio_[m.0vb5_7h],230
Big_Boi_[m.01vvfwl],231
Big_Daddy_Kane_[m.01wdwlt],232
Big_Pun_[m.016nws],233
Big_Sean_[m.03f771p],234
Bill_Bellamy_[m.031gyt],235
Bill_Burr_[m.07_zks],236
Bill_Clinton_[m.0157m],237
Bill_Goldberg_[m.0288x1],238
Bill_Hader_[m.086nl7],239
Bill_Maher_[m.01n4f8],240
Bill_Murray_[m.0p_pd],241
Bill_Nye_[m.01j4ch],242
Bill_Paxton_[m.01s7zw],243
Bill_Pullman_[m.01gy7r],244
Billie_Eilish_[g.11c75ypgws],245
Billie_Joe_Armstrong_[m.0kxbc],246
Billie_Lourd_[m.0gy71r_],247
Billy_Bob_Thornton_[m.01fh9],248
Billy_Crystal_[m.01h1b],249
Billy_Dee_Williams_[m.027_sn],250
Billy_Eichner_[m.0kg0y1v],251
Billy_Joel_[m.0b_j2],252
Billy_Ray_Cyrus_[m.016qtt],253
Billy_Warlock_[m.03816f],254
Billy_Zane_[m.01vxxb],255
Bing_Crosby_[m.01vsy9_],256
Blair_Redford_[m.07sklx],257
Blake_Griffin_[m.02qhzxp],258
Blake_Jenner_[m.0kg0rt0],259
Blake_Lively_[m.06_bq1],260
Bo_Burnham_[m.04cvmzk],261
Bo_Derek_[m.029ghl],262
Bob_Barker_[m.01ydhd],263
Bob_Dylan_[m.01vrncs],264
Bob_Marley_[m.0bkf4],265
Bob_Odenkirk_[m.02m92h],266
Bob_Ross_[m.02hv0w],267
Bob_Saget_[m.028gwm],268
Bob_Seger_[m.01pbxb],269
Bob_Uecker_[m.02wrbv],270
Bob_Woodward_[m.01k9gr],271
Bobby_Brown_[m.0133gf],272
Bobby_Lee_[m.05f1mz],273
Bobby_Moynihan_[m.04jhwgx],274
Bokeem_Woodbine_[m.08s7qj],275
Bono_[m.01vswwx],276
Booboo_Stewart_[m.07k6868],277
Bow_Wow_[m.01wbsdz],278
Brad_Dourif_[m.02bfmn],279
Brad_Paisley_[m.03gr7w],280
Brad_Pitt_[m.0c6qh],281
Brad_Renfro_[m.0364m5],282
Bradley_Cooper_[m.01_xtx],283
Bradley_Gregg_[m.08hjdd],284
Bradley_Steven_Perry_[m.0bh83vj],285
Brandon_Flynn_[g.11c71p125j],286
Brandon_Lee_[m.01dkgz],287
Brec_Bassinger_[m.012strs_],288
Brenda_Song_[m.05pmzb],289
Brendan_Fraser_[m.0227tr],290
Brendon_Urie_[m.0h6lnb],291
Bret_Michaels_[m.01wkmgb],292
Brian_Dietzen_[m.03grzbn],293
Brian_Kelly_[m.0h24w2],294
Brian_Van_Holt_[m.0fdlx8],295
Bridget_Regan_[m.09grbr],296
Bridgit_Mendler_[m.04081f3],297
Brie_Larson_[m.04tzbs],298
Brit_Marling_[m.0g9th8m],299
Britney_Spears_[m.015f7],300
Britt_Robertson_[m.03hk3lg],301
Brittany_Daniel_[m.05bnm9],302
Brittany_Murphy_[m.0168dy],303
Brittany_Snow_[m.03yrkt],304
Brock_Lesnar_[m.01txyn],305
Brooke_Shields_[m.0bx_q],306
Brooklyn_Decker_[m.027nsvg],307
Bruce_Campbell_[m.01h8f],308
Bruce_Lee_[m.099d4],309
Bruce_Springsteen_[m.0gcs9],310
Bruce_Willis_[m.0h7pj],311
Bruno_Mars_[m.0bs1g5r],312
Bryan_Cranston_[m.05fnl9],313
Bryce_Dallas_Howard_[m.03kbb8],314
Bubba_Watson_[m.026l9m6],315
Bud_Spencer_[m.018gm],316
Buddy_Guy_[m.02qsjt],317
Buddy_Holly_[m.01vs_yt],318
Burt_Lancaster_[m.01g42],319
Burt_Reynolds_[m.0187y5],320
Buster_Keaton_[m.0btj0],321
Busy_Philipps_[m.05bmn7],322
Caity_Lotz_[m.0h7gdl5],323
Calvin_Harris_[m.0288c4g],324
Cam_Gigandet_[m.0c63ld],325
Cam_Newton_[m.02phnp7],326
Cameron_Boyce_[m.04glby8],327
Cameron_Dallas_[m.010pgspd],328
Cameron_Diaz_[m.0bksh],329
Cameron_Esposito_[m.012w5q15],330
Cameron_Mitchell_[m.07tvwy],331
Cameron_Monaghan_[m.05_gh1],332
Camila_Cabello_[m.0vzgltt],333
Camila_Mendes_[g.11c325xhw6],334
Candace_Cameron_Bure_[m.01_2bb],335
Candice_Glover_[m.0rpjgld],336
Candis_Cayne_[m.026dn14],337
Cara_Delevingne_[m.0j7n6gx],338
Carl_Weathers_[m.0234pg],339
Carla_Gugino_[m.06qgvf],340
Carlson_Young_[m.03c7nzg],341
Carmelo_Anthony_[m.03l26m],342
Carmen_Carrera_[m.0hgnltm],343
Carmen_Electra_[m.01lbp],344
Carol_Alt_[m.01pcw4],345
Carol_Channing_[m.01gw4w],346
Carole_Lombard_[m.0c2ry],347
Carolyn_Jones_[m.02tgvh],348
Carrie_Brownstein_[m.01w2r30],349
Carrie_Fisher_[m.01tnbn],350
Carrie_Preston_[m.0b9dmk],351
Carrie_Underwood_[m.058s57],352
Carrot_Top_[m.01t32p],353
Cary_Grant_[m.09qh1],354
Casey_Affleck_[m.032_jg],355
Casey_Kasem_[m.01d_4t],356
Catherine_Bell_[m.02m7ww],357
Cecily_Strong_[m.0n4b021],358
Cedric_The_Entertainer_[m.02lhm2],359
Ceelo_Green_[m.01w5jwb],360
Celia_Cruz_[m.0165ys],361
Celine_Dion_[m.01cwhp],362
Chace_Crawford_[m.0krr1g],363
Chachi_Gonzales_[m.0jt8q1r],364
Chad_Lowe_[m.059vhr],365
Chad_Michael_Murray_[m.0bmn4p],366
Chaka_Khan_[m.01wbgdv],367
Chamillionaire_[m.05wbh4],368
Chance_The_Rapper_[m.0rfdsvp],369
Chandler_Riggs_[m.0gdms9_],370
Chandra_Wilson_[m.09f0bj],371
Channing_Tatum_[m.06lvlf],372
Charles_Kelley_[m.0b75940],373
Charles_Laughton_[m.0gpmp],374
Charles_Manson_[m.0bq63],375
Charlie_Carver_[m.09v28t7],376
Charlie_Chaplin_[m.01lc5],377
Charlie_Day_[m.0fgvsj],378
Charlie_Hunnam_[m.057yk8],379
Charlie_Murphy_[m.02x1hg],380
Charlie_Puth_[m.0131js50],381
Charlie_Sheen_[m.01pllx],382
Charlie_Weber_[m.0jvvxx],383
Charlize_Theron_[m.01l9p],384
Charlotte_Mckinney_[m.012z89sc],385
Charlton_Heston_[m.0chsq],386
Charo_[m.01jz3tw],387
Chayanne_[m.0lsdv],388
Chazz_Palminteri_[m.02t_v1],389
Chelsea_Handler_[m.0928l6],390
Chelsea_Peretti_[m.0fvd50],391
Cher_[m.01vtj38],392
Cheryl_Hines_[m.03ywyk],393
Chester_Bennington_[m.011_ww],394
Chester_See_[m.0h66y6f],395
Chevy_Chase_[m.0p_jc],396
Cheyenne_Jackson_[m.0886gq],397
Chief_Keef_[m.0k8t8kx],398
Chingy_[m.02qx8g],399
Chloe_Bennet_[m.0pb8t1y],400
Chloe_Grace_Moretz_[m.091f53],401
Chloe_Lukasiak_[m.0129c46h],402
Chord_Overstreet_[m.0dgs6bv],403
Chris_Baio_[m.0c0344_],404
Chris_Colfer_[m.07k51gd],405
Chris_Cornell_[m.01gf5h],406
Chris_Evans_[m.058s44],407
Chris_Farley_[m.012801],408
Chris_Gethard_[m.0gkp8n],409
Chris_Hemsworth_[m.04jnqj],410
Chris_Isaak_[m.01j4ls],411
Chris_Jericho_[m.026xcd],412
Chris_Kattan_[m.02rwns],413
Chris_Lowell_[m.0cjd6w],414
Chris_Messina_[m.0f7h2v],415
Chris_Noth_[m.04cf09],416
Chris_Parnell_[m.04s430],417
Chris_Paul_[m.0cymln],418
Chris_Pine_[m.0c6g1l],419
Chris_Pontius_[m.04rlj5],420
Chris_Pratt_[m.065xxm],421
Chris_Robinson_[m.015hz_],422
Chris_Rock_[m.016_mj],423
Chris_Stapleton_[m.0cz9t31],424
Chris_Tucker_[m.01900g],425
Chris_Wood_[m.0yj_fth],426
Chris_Young_[m.01t2ghc],427
Chris_Zylka_[m.06w2jgk],428
Christian_Bale_[m.01wy5m],429
Christian_Kane_[m.01m76l],430
Christian_Slater_[m.01mqc_],431
Christie_Brinkley_[m.01n9zn],432
Christina_Aguilera_[m.0127s7],433
Christina_Applegate_[m.01hcj2],434
Christina_Hendricks_[m.09btt1],435
Christina_Ricci_[m.01fx2g],436
Christine_Baranski_[m.02__7n],437
Christine_Taylor_[m.0qdgc],438
Christoph_Sanders_[m.06w7y57],439
Christopher_Guest_[m.021bk],440
Christopher_Lambert_[m.0bkrj],441
Christopher_Lloyd_[m.01l_yg],442
Christopher_Massey_[m.06c22f],443
Christopher_Meloni_[m.04bpvh],444
Christopher_Reeve_[m.0jrny],445
Christopher_Walken_[m.016fjj],446
Chuck_Norris_[m.015lhm],447
Chyler_Leigh_[m.05qww3],448
Chyna_[m.0330dc],449
Ciara_Bravo_[m.09gklgx],450
Ciara_[m.03h_0_z],451
Cindy_Crawford_[m.01n9_r],452
Ciro_Gomes_[m.0b4fnb],453
Cissy_Houston_[m.01vt9nv],454
Claire_Danes_[m.01gq0b],455
Claire_Julien_[m.0j2v_xq],456
Clara_Bow_[m.0qksf],457
Clark_Gable_[m.0bkmf],458
Clark_Gregg_[m.0c9xjl],459
Claude_Rains_[m.0h1q6],460
Claudette_Colbert_[m.0gmtm],461
Clayne_Crawford_[m.0fkl33],462
Clint_Eastwood_[m.0bwh6],463
Clint_Howard_[m.04xhwn],464
Cm_Punk_[m.05l473],465
Cody_Christian_[m.0hnds3s],466
Cody_Simpson_[m.0bxzygh],467
Cole_Sprouse_[m.0b3x4c3],468
Colin_Ford_[m.06w8k8x],469
Colton_Haynes_[m.04gnpyg],470
Conchita_Wurst_[m.0kfx43l],471
Connie_Britton_[m.06x0z8],472
Conor_Mcgregor_[m.0rfgxy2],473
Constance_Wu_[m.0bvq5v3],474
Coolio_[m.01vzx45],475
Corey_Feldman_[m.0mdyn],476
Corey_Taylor_[m.01ttvxc],477
Cote_De_Pablo_[m.0cpd76],478
Countess_Vaughn_[m.05n5dz],479
Courteney_Cox_[m.01rr9f],480
Courtney_Love_[m.01w02sy],481
Courtney_Stodden_[m.0h8f_b_],482
Craig_Ferguson_[m.04mhbh],483
Craig_Robinson_[m.0cmt6q],484
Creed_Bratton_[m.08wq0g],485
Cristiano_Ronaldo_[m.02xt6q],486
Crystal_Reed_[m.0dm2_5_],487
Cyd_Charisse_[m.039vv_],488
Cyndi_Lauper_[m.01wf86y],489
Cynthia_Bailey_[g.11cn5lxgs7],490
Daddy_Yankee_[m.01wbl_r],491
Dakota_Fanning_[m.0fthdk],492
Dakota_Johnson_[m.0g_p9q],493
Damian_Lillard_[m.0hr4wlz],494
Damon_Albarn_[m.0phx4],495
Damon_Wayans_[m.02tf1y],496
Dan_Aykroyd_[m.0d608],497
Dan_Howell_[m.0py2lz2],498
Dana_Carvey_[m.0pz04],499
Dane_Cook_[m.03g5_y],500
Dane_Dehaan_[m.0cvjtk0],501
Dani_Alves_[m.09hc0c],502
Danica_Patrick_[m.063rjh],503
Daniel_Baldwin_[m.018yh9],504
Daniel_Bryan_[m.06299b],505
Daniel_Henney_[m.086028],506
Daniel_Tosh_[m.0b19gn],507
Danielle_Campbell_[m.0b74t86],508
Danielle_Fishel_[m.01338h],509
Danielle_Panabaker_[m.0441hx],510
Danneel_Harris_[m.0dphkz],511
Danny_Devito_[m.0q9kd],512
Danny_Elfman_[m.02bh9],513
Danny_Glover_[m.0205dx],514
Danny_Mcbride_[m.02wycg2],515
Danny_Pino_[m.081b6z],516
Danny_Tamberelli_[m.01wbh0m],517
Danny_Trejo_[m.01xllf],518
Darius_Rucker_[m.02_qfv],519
Daron_Malakian_[m.01nl5r],520
Darren_Criss_[m.0dlmdn_],521
Daryl_Hannah_[m.01xv77],522
Dave_Bautista_[m.02_r_l],523
Dave_Chappelle_[m.01xwv7],524
Dave_Coulier_[m.02n529],525
Dave_Franco_[m.07kbvrr],526
Dave_Grohl_[m.0285c],527
Dave_Roberts_[m.03mpfh],528
Daveed_Diggs_[m.0129wcpv],529
Daveigh_Chase_[m.01v3w2],530
David_Beckham_[m.02d9k],531
David_Boreanaz_[m.01507p],532
David_Bowie_[m.01vsy7t],533
David_Byrne_[m.0l12d],534
David_Carradine_[m.02p5hf],535
David_Caruso_[m.025r7k],536
David_Cross_[m.0738b8],537
David_Duchovny_[m.0blt6],538
David_Fincher_[m.027zz],539
David_Giuntoli_[m.0408bmj],540
David_Guetta_[m.0840vq],541
David_Hasselhoff_[m.0164nb],542
David_Hyde_Pierce_[m.02ct_k],543
David_Koechner_[m.059j1m],544
David_Luiz_[m.02822jq],545
David_Lynch_[m.026dx],546
David_Mazouz_[m.0h5p17k],547
David_Price_[m.02rmsfp],548
David_Rose_[m.01tsr3p],549
David_Schwimmer_[m.016tbr],550
David_Spade_[m.02dlfh],551
David_Tennant_[m.05m7zg],552
Dean_Ambrose_[m.027wknh],553
Dean_Cain_[m.02qjj7],554
Dean_Martin_[m.013qvn],555
Dean_Winters_[m.06vz8q],556
Debbie_Harry_[m.01dw_f],557
Debbie_Reynolds_[m.01mmslz],558
Debby_Ryan_[m.047s_y5],559
Debi_Mazar_[m.0mj1l],560
Deborah_Ann_Woll_[m.06w2yp9],561
Debra_Messing_[m.01z5tr],562
Dele_Alli_[m.0r8q0lk],563
Demi_Lovato_[m.02wb6yq],564
Demi_Moore_[m.019pm_],565
Denise_Crosby_[m.026sbk],566
Denise_Richards_[m.0993r],567
Dennis_Hopper_[m.02fn5],568
Dennis_Quaid_[m.01tnxc],569
Denzel_Washington_[m.0pmhf],570
Derek_Hough_[m.02vwjsl],571
Derek_Theler_[m.0kv6bc1],572
Derek_Waters_[m.05wwj5t],573
Derrick_Rose_[m.0283v6h],574
Diamond_Dallas_Page_[m.03rrhc],575
Diane_Guerrero_[m.0gf8tm9],576
Diane_Keaton_[m.01csvq],577
Diane_Kruger_[m.0336mc],578
Dianna_Agron_[m.03cxsvl],579
Dick_Powell_[m.01d5vk],580
Dick_Van_Dyke_[m.01vb403],581
Dick_York_[m.023nwr],582
Diplo_[m.05q7ln],583
Dita_Von_Teese_[m.01r7x3],584
Dj_Jazzy_Jeff_[m.01vsdgg],585
Dj_Khaled_[m.01ssf9t],586
Dolly_Parton_[m.02f1c],587
Dom_Deluise_[m.02nrdp],588
Don_Cheadle_[m.02p65p],589
Don_Johnson_[m.01mt1fy],590
Don_Knotts_[m.01nrq5],591
Don_Rickles_[m.013tjc],592
Donald_Glover_[m.02778wm],593
Donald_Trump_[m.0cqt90],594
Donna_Reed_[m.0234_q],595
Donna_Summer_[m.0136p1],596
Donnie_Wahlberg_[m.02stwg],597
Donny_Osmond_[m.01mbwlb],598
Doris_Day_[m.029ql],599
Doris_Roberts_[m.01_j71],600
Dove_Cameron_[m.0vsg4pt],601
Dr_Dre_[m.01vvydl],602
Drake_Bell_[m.032nl2],603
Drake_[m.05mt_q],604
Dreama_Walker_[m.05zjdvz],605
Drew_Barrymore_[m.026c1],606
Drew_Brees_[m.030bdd],607
Drew_Carey_[m.01tsqg2],608
Drew_Roy_[m.05znyx3],609
Drew_Van_Acker_[m.0dljcqx],610
Dua_Lipa_[g.11bxfyskcg],611
Dustin_Hoffman_[m.0bl2g],612
Dustin_Johnson_[m.04n4sw4],613
Dwayne_Johnson_[m.014g_s],614
Dwight_Howard_[m.02fg_f],615
Dwyane_Wade_[m.03l295],616
Dylan_Mcdermott_[m.03061d],617
Dylan_Minnette_[m.051_j70],618
Dylan_Sprayberry_[m.05p2hyd],619
Eartha_Kitt_[m.02gl9l],620
Ed_Bassmaster_[m.0138m_md],621
Ed_Harris_[m.017149],622
Ed_Helms_[m.04zkj5],623
Ed_Sheeran_[m.0g9sr1k],624
Eddie_Cahill_[m.05yq_9],625
Eddie_Griffin_[m.03xxbn],626
Eddie_Jones_[m.04zlln],627
Eddie_Murphy_[m.0f7hc],628
Eddie_Vedder_[m.01wqflx],629
Eden_Hazard_[m.03wbcrq],630
Edward_Furlong_[m.02mylf],631
Edward_James_Olmos_[m.016yr0],632
Edward_Norton_[m.01515w],633
Eileen_Davidson_[m.034d8k],634
Elaine_Stritch_[m.03v1l_],635
Eli_Manning_[m.02x6lw],636
Eli_Wallach_[m.02vg0],637
Elijah_Wood_[m.015t56],638
Elisa_Donovan_[m.07j9c1],639
Elisabeth_Moss_[m.08pth9],640
Eliza_Dushku_[m.01jb26],641
Elizabeth_Banks_[m.0716t2],642
Elizabeth_Berkley_[m.01j6fq],643
Elizabeth_Daily_[m.01n7qlf],644
Elizabeth_Gillies_[m.04mxc12],645
Elizabeth_Marvel_[m.0bx0jz5],646
Elizabeth_Mitchell_[m.078jjt],647
Elizabeth_Montgomery_[m.01x3b8],648
Elizabeth_Olsen_[m.065bxpc],649
Elizabeth_Taylor_[m.0bmh4],650
Ella_Fitzgerald_[m.0d9xq],651
Elle_Fanning_[m.05kyb8],652
Ellen_Muth_[m.03ywb6],653
Ellen_Pompeo_[m.05np4c],654
Ellie_Kemper_[m.05p92jn],655
Elon_Musk_[m.03nzf1],656
Elton_John_[m.01vrz41],657
Elvis_Presley_[m.02jq1],658
Emeraude_Toubia_[m.013ccr4q],659
Emile_Hirsch_[m.05mkhs],660
Emilia_Clarke_[m.0g55myd],661
Emilio_Estevez_[m.01z7s_],662
Emily_Beecham_[m.06_w_l_],663
Emily_Deschanel_[m.03vd_l],664
Emily_Kinney_[m.0j1t7jx],665
Emily_Osment_[m.03xnq9_],666
Emily_Ratajkowski_[m.0bh8wfs],667
Eminem_[m.01vsgrn],668
Emma_Caulfield_[m.01f9pf],669
Emma_Kenney_[m.0g4zsxx],670
Emma_Roberts_[m.0517bc],671
Emma_Stone_[m.09yhzs],672
Emma_Watson_[m.0134w7],673
Emmy_Rossum_[m.047gwd],674
Enrique_Iglesias_[m.01s7ns],675
Eric_Andre_[m.0k2fdms],676
Eric_Dane_[m.08yx9q],677
Eric_Stonestreet_[m.02vphc8],678
Eric_Wareheim_[m.05xkch],679
Erica_Campbell_[m.05bw51n],680
Erin_Heatherton_[m.04mxv__],681
Erin_Sanders_[m.06w3mj],682
Errol_Flynn_[m.0hnp7],683
Erykah_Badu_[m.01w7nww],684
Esther_Williams_[m.03mrpz],685
Ethan_Cutkosky_[m.07kbjh6],686
Ethan_Hawke_[m.015v3r],687
Ethan_Phillips_[m.0453pw],688
Eugene_Levy_[m.028k57],689
Eugenio_Derbez_[m.0c04j8],690
Eva_Green_[m.02tt1k],691
Eva_Longoria_[m.03lt8g],692
Eva_Marie_Saint_[m.01fn_2],693
Eva_Marie_[m.0w4sxrv],694
Eva_Mendes_[m.03_x5t],695
Evan_Peters_[m.0dtcjq],696
Evan_Rachel_Wood_[m.03_vx9],697
Eve_Torres_[m.03cpl_y],698
Ezra_Koenig_[m.07s4zx9],699
Ezra_Miller_[m.0bdprlc],700
Fairuza_Balk_[m.01cyjx],701
Faith_Ford_[m.025c2r],702
Faith_Hill_[m.01wmgrf],703
Fantasia_Barrino_[m.01rj4bk],704
Farrah_Fawcett_[m.01j851],705
Faye_Dunaway_[m.0hwbd],706
Felicia_Day_[m.05bf89],707
Felipe_Massa_[m.02_8pm],708
Felipe_Neto_[m.010zcnmn],709
Fergie_[m.01svw8n],710
Fetty_Wap_[m.012s43pf],711
Filthy_Frank_[g.11cmyct3hp],712
Finn_Balor_[m.02r45qz],713
Fiona_Apple_[m.0g1_q],714
Florence_Henderson_[m.09s5f5],715
Floyd_Mayweather_[m.04ykxz],716
Forest_Whitaker_[m.02y_2y],717
Fran_Drescher_[m.01s3kv],718
Frances_Conroy_[m.05p5nc],719
Frank_Ocean_[m.0gmbh5m],720
Frank_Sinatra_[m.02_fj],721
Frank_Zappa_[m.02whj],722
Frankie_Avalon_[m.01m9k6y],723
Frankie_Grande_[m.0k2_pc3],724
Frankie_Muniz_[m.016b6z],725
Fred_Armisen_[m.01v3s2_],726
Fred_Astaire_[m.0h953],727
Fred_Rogers_[m.010q36],728
Freddie_Mercury_[m.01vn0t_],729
French_Stewart_[m.04rzbq],730
Frida_Kahlo_[m.015k04],731
G_Dragon_[m.04ghz8r],732
G_Eazy_[m.0hr594p],733
Gabourey_Sidibe_[m.05f44h9],734
Gabriel_Iglesias_[m.07hcxd],735
Gabriel_Jesus_[g.11b6znj55j],736
Gabriel_Macht_[m.070bqk],737
Gabrielle_Union_[m.02xbw2],738
Gal_Gadot_[m.08ygdy],739
Gareth_Bale_[m.0d9ry_],740
Garrett_Clayton_[m.0py299s],741
Garrett_Hedlund_[m.03fcgz],742
Garry_Marshall_[m.02ndbd],743
Garry_Shandling_[m.02z3zp],744
Garth_Brooks_[m.036px],745
Gary_Busey_[m.03ds3],746
Gary_Coleman_[m.036pg],747
Gary_Cooper_[m.0c2tf],748
Geena_Davis_[m.01fwk3],749
Gemma_Collins_[m.0n9yp97],750
Gene_Hackman_[m.039bp],751
Gene_Kelly_[m.036jb],752
Gene_Simmons_[m.03f1zhf],753
Gene_Tierney_[m.018sgr],754
Gene_Wilder_[m.027l0b],755
Genevieve_Cortese_[m.0b27cx],756
George_Burns_[m.01t94_1],757
George_Bush_[m.09b6zr],758
George_Carlin_[m.014z8v],759
George_Clooney_[m.014zcr],760
George_Harrison_[m.03bnv],761
George_Lopez_[m.02xfj0],762
George_Martin_[m.0k7pf],763
George_Michael_[m.01vvyfh],764
George_Peppard_[m.0391v],765
George_Reeves_[m.01lx5b],766
George_Strait_[m.016sqs],767
George_Takei_[m.01_rh4],768
Gerard_Butler_[m.038rzr],769
Gerard_Way_[m.03f40p0],770
Gianna_Michaels_[m.0czcdd],771
Gigi_Hadid_[m.0105fj_p],772
Gilbert_Gottfried_[m.02y0yt],773
Gilda_Radner_[m.0mj4n],774
Gillian_Anderson_[m.03d_w3h],775
Gillian_Jacobs_[m.0f6fzl],776
Gina_Carano_[m.027z4nh],777
Gina_Rodriguez_[m.0gkjpj4],778
Gina_Torres_[m.03h1fb],779
Ginger_Rogers_[m.0h7dd],780
Ginnifer_Goodwin_[m.09kkyb],781
Glenn_Close_[m.0c3p7],782
Glenn_Howerton_[m.0fh10f],783
Gloria_Swanson_[m.0173lp],784
Goldie_Hawn_[m.0cwtm],785
Gong_Yoo_[m.02x9y8g],786
Gordon_Ramsey_[m.02z6h7],787
Gotye_[m.01wvnws],788
Grace_Helbig_[m.0h7plyk],789
Grace_Kelly_[m.0bq1z],790
Grace_Phipps_[m.0gvcbgt],791
Grace_Victoria_Cox_[m.011q34vs],792
Grant_Gustin_[m.0h7m04g],793
Gregory_Peck_[m.0k9j_],794
Greta_Garbo_[m.0h14h],795
Greta_Lee_[m.0k6flfw],796
Greyson_Chance_[m.0bxzfbd],797
Groucho_Marx_[m.01wj9y9],798
Gucci_Mane_[m.078wwr],799
Guy_Fieri_[m.0crzn_],800
Gwen_Stefani_[m.016fnb],801
Gwyneth_Paltrow_[m.0bq2g],802
Hailee_Steinfeld_[m.0b75jtr],803
Hailey_Baldwin_[m.0j2jl_p],804
Haley_Joel_Osment_[m.01pd46],805
Halle_Berry_[m.03knl],806
Hank_Azaria_[m.0sw6g],807
Hannah_Ferguson_[g.11bv18xl83],808
Hannibal_Buress_[m.0bmcvtp],809
Hans_Zimmer_[m.0150t6],810
Hardy_Rawls_[m.0bm659],811
Harley_Quinn_Smith_[m.012krfvr],812
Harold_Lloyd_[m.0177s6],813
Harpo_Marx_[m.0139xn],814
Harrison_Ford_[m.0c0k1],815
Harry_Belafonte_[m.014488],816
Harry_Dean_Stanton_[m.015p3p],817
Harry_Kane_[m.0g9z4d4],818
Harry_Styles_[m.0h3cm8d],819
Harvey_Keitel_[m.0klh7],820
Hasan_Minhaj_[m.0dl580r],821
Hayden_Panettiere_[m.02jyhv],822
Hayley_Atwell_[m.0dsy0m],823
Hayley_Kiyoko_[m.06w15tl],824
Hayley_Williams_[m.057xn_m],825
Heath_Ledger_[m.0237fw],826
Heather_Dubrow_[m.06c_zx],827
Heather_Graham_[m.016vg8],828
Heather_Langenkamp_[m.036j91],829
Heather_Locklear_[m.017m2y],830
Heather_Morris_[m.07sgfvl],831
Heavy_D_[m.01j0cjd],832
Hedy_Lamarr_[m.016yqj],833
Heidi_Klum_[m.01pctb],834
Heidi_Montag_[m.0f3ghl],835
Helen_Hunt_[m.0c4f4],836
Henry_Cavill_[m.070c9h],837
Henry_Fonda_[m.0cj8x],838
Henry_Rollins_[m.03lgg],839
Henry_Winkler_[m.024jwt],840
Henry_Zebrowski_[m.0gdkp_k],841
Hilary_Duff_[m.0lk90],842
Hilary_Swank_[m.0mz73],843
Hillary_Clinton_[m.0d06m5],844
Holland_Roden_[m.0dljf1f],845
Holly_Golightly_[m.02zc4l],846
Holly_Hunter_[m.01kp66],847
Holly_Marie_Combs_[m.029q_y],848
Hope_Davis_[m.03zg2x],849
Hope_Solo_[m.026_dd6],850
Hugh_Jackman_[m.03h_9lg],851
Hulk_Hogan_[m.01rzxl],852
Humphrey_Bogart_[m.03n6r],853
Hunter_King_[m.064qfbm],854
Hunter_Parrish_[m.0f033k],855
Ian_Bohen_[m.0g49_s],856
Ian_Gomez_[m.098m2j],857
Ian_Harding_[m.0ct3_s],858
Ian_Somerhalder_[m.044mvs],859
Idina_Menzel_[m.03cm86],860
Idris_Elba_[m.04v7kt],861
Iggy_Azalea_[m.0hhqcwf],862
Ijustine_[m.02rghg3],863
Ike_Turner_[m.0dbzg],864
Ilana_Glazer_[m.0ksd71k],865
Imran_Khan_[m.025cj4],866
India_Eisley_[m.04f_wrn],867
Ingrid_Bergman_[m.0bdt8],868
Irene_Cara_[m.01r7pq],869
Irone_Singleton_[m.0dm5mjc],870
Isabelle_Fuhrman_[m.0gpczt],871
Issa_Rae_[m.0s8xs5h],872
J_Balvin_[m.0b__5gp],873
J_Cole_[m.065zh2l],874
Jace_Norman_[m.011dznn5],875
Jack_Black_[m.01vsn38],876
Jack_Falahee_[m.010hcwbz],877
Jack_Griffo_[m.0t_8mts],878
Jack_Lemmon_[m.040z9],879
Jack_Mcbrayer_[m.0h27vc],880
Jack_Nicholson_[m.09fb5],881
Jack_Quaid_[m.0gkvtq5],882
Jack_Wagner_[m.01nv3qt],883
Jackie_Chan_[m.012d40],884
Jackie_Sandler_[m.0gm6m8],885
Jackson_Wang_[m.0116hzcy],886
Jada_Pinkett_Smith_[m.01j7z7],887
Jaden_Smith_[m.0271y9f],888
Jaime_King_[m.039gzc],889
Jaimie_Alexander_[m.02rvl2z],890
Jaina_Lee_Ortiz_[g.11btx1d7h1],891
Jake_Gyllenhaal_[m.02js6_],892
Jake_Johnson_[m.0gby9d6],893
Jake_Paul_[g.11c0q_95dr],894
James_Brown_[m.0407f],895
James_Cagney_[m.0432b],896
James_Charles_[g.11c1wm6lzy],897
James_Corden_[m.026kb23],898
James_Dean_[m.01w32s8],899
James_Deen_[m.05c3s_y],900
James_Earl_Jones_[m.0f6_x],901
James_Franciscus_[m.0bjlk0],902
James_Franco_[m.05bnp0],903
James_Gandolfini_[m.01z7_f],904
James_Garner_[m.016kkx],905
James_Harden_[m.03wbkl5],906
James_Lafferty_[m.0532c_],907
James_Marsden_[m.042ly5],908
James_Marshall_[m.01vsy3q],909
James_Marsters_[m.01f9mq],910
James_Maslow_[m.09gmdtd],911
James_Mcavoy_[m.06mnps],912
James_Patrick_Stuart_[m.0d6twg],913
James_Roday_[m.0f0f90],914
James_Rodriguez_[m.05mzr8_],915
James_Spader_[m.043js],916
James_Stewart_[m.044qx],917
James_Van_Der_Beek_[m.02v72_],918
James_Woods_[m.016ks_],919
Jamie_Chung_[m.03d9fsx],920
Jamie_Dornan_[m.0fs4kv],921
Jamie_Foxx_[m.01wmxfs],922
Jamie_Kennedy_[m.02pzck],923
Jamie_Lee_Curtis_[m.0hwqz],924
Jane_Fonda_[m.0h1mt],925
Jane_Greer_[m.05xlpf],926
Jane_Krakowski_[m.01qr1_],927
Jane_Levy_[m.0g4ztdg],928
Jane_Lynch_[m.07m77x],929
Jane_Russell_[m.02w3l1],930
Janeane_Garofalo_[m.015p37],931
Janel_Parrish_[m.02vzmbl],932
Janet_Jackson_[m.0gbwp],933
Janet_Leigh_[m.01hkck],934
January_Jones_[m.03v1jf],935
Jared_Leto_[m.02fybl],936
Jared_Padalecki_[m.03n4jd],937
Jasmine_Burke_[m.0gcb4ss],938
Jasmine_Guy_[m.01mjdxt],939
Jasmine_V_[m.04f3_58],940
Jason_Alexander_[m.01w0yrc],941
Jason_Bateman_[m.032xhg],942
Jason_Day_[m.0h0kdk],943
Jason_Isbell_[m.02z0nm4],944
Jason_Jones_[m.09s0p7],945
Jason_Lee_[m.034np8],946
Jason_Mantzoukas_[m.0gc4x6j],947
Jason_Mewes_[m.02q7z2],948
Jason_Momoa_[m.06gh0t],949
Jason_Mraz_[m.0259r0],950
Jason_Priestley_[m.01gc7h],951
Jason_Schwartzman_[m.02qfhb],952
Jason_Segel_[m.06q5t7],953
Jason_Statham_[m.034hyc],954
Jason_Sudeikis_[m.06cddt],955
Jay_Duplass_[m.047q6x6],956
Jay_Harrington_[m.075pv0],957
Jay_Leno_[m.046lt],958
Jay_Mohr_[m.01r4zfk],959
Jay_Park_[m.0bh8fjc],960
Jay_Pharoah_[m.0cz8kk8],961
Jay_Z_[m.01vw20h],962
Jc_Caylen_[m.0y_hp82],963
Jean_Claude_Van_Damme_[m.0m8_v],964
Jean_Harlow_[m.01qzdl],965
Jeff_Bridges_[m.0flw6],966
Jeff_Daniels_[m.0372kf],967
Jeff_Foxworthy_[m.038f4_],968
Jeff_Garlin_[m.04pz5c],969
Jeff_Goldblum_[m.01y_px],970
Jeff_Hardy_[m.033123],971
Jeff_Tweedy_[m.03ryzd],972
Jeffree_Star_[m.03f7j6y],973
Jeffrey_Dean_Morgan_[m.0cz5jr],974
Jeffrey_Donovan_[m.026zld6],975
Jen_Selter_[m.010wh827],976
Jena_Malone_[m.01nms7],977
Jenifer_Lewis_[m.052m4g],978
Jenna_Dewan_[m.0ck1l0],979
Jenna_Fischer_[m.072bb1],980
Jenna_Haze_[m.04k_b7],981
Jenna_Jameson_[m.0jwtj],982
Jenna_Marbles_[m.0h68_xy],983
Jennette_Mccurdy_[m.0h35ll],984
Jennie_Garth_[m.01gvv5],985
Jennifer_Aniston_[m.09yrh],986
Jennifer_Connelly_[m.0fgg4],987
Jennifer_Coolidge_[m.073749],988
Jennifer_Esposito_[m.03lq43],989
Jennifer_Garner_[m.01jfrg],990
Jennifer_Grey_[m.032cfy],991
Jennifer_Hudson_[m.02ktrs],992
Jennifer_Jason_Leigh_[m.01qqtr],993
Jennifer_Lawrence_[m.02x0dzw],994
Jennifer_Lopez_[m.043zg],995
Jennifer_Love_Hewitt_[m.01pgk0],996
Jennifer_Morrison_[m.067sqt],997
Jennifer_Stone_[m.02x7gcv],998
Jennifer_Tilly_[m.03jjzf],999
Jenny_Lewis_[m.03x6n9],1000
Jenny_Mccarthy_[m.02t_99],1001
Jenny_Slate_[m.07kgl_1],1002
Jensen_Ackles_[m.030697],1003
Jeon_Jungkook_[g.11b764275p],1004
Jeremy_Clarkson_[m.01nbq4],1005
Jeremy_Davidson_[m.0fph914],1006
Jeremy_Jordan_[m.0gw_bs7],1007
Jeremy_Renner_[m.0blq0z],1008
Jeremy_Shada_[m.0k43_5],1009
Jeremy_Sisto_[m.05b_7n],1010
Jeremy_Sumpter_[m.024xw1],1011
Jeri_Ryan_[m.023pzh],1012
Jermaine_Jackson_[m.01zmpg],1013
Jerry_Lee_Lewis_[m.0p7h7],1014
Jerry_Lewis_[m.0427y],1015
Jerry_Seinfeld_[m.0q5hw],1016
Jerry_Springer_[m.01v0432],1017
Jesse_Bradford_[m.067ydb],1018
Jesse_Eisenberg_[m.057176],1019
Jesse_Heiman_[m.0gj8tgb],1020
Jesse_Mccartney_[m.05w6cw],1021
Jesse_Tyler_Ferguson_[m.026_fy4],1022
Jesse_Ventura_[m.0hd1l],1023
Jesse_Williams_[m.02ph38f],1024
Jessica_Alba_[m.01yf85],1025
Jessica_Biel_[m.0320jz],1026
Jessica_Capshaw_[m.0306j0],1027
Jessica_Chastain_[m.043kzcr],1028
Jessica_Jung_[m.0b754cg],1029
Jessica_Lange_[m.0hsn_],1030
Jessica_Lu_[m.0knw61c],1031
Jessica_Nigri_[m.0k0vtc9],1032
Jessica_Simpson_[m.0c7xjb],1033
Jessica_Stroup_[m.027_9wx],1034
Jessica_Szohr_[m.03d6kh6],1035
Jessica_Walter_[m.03q3x5],1036
Jessica_Williams_[m.0h_bf0x],1037
Jessimae_Peluso_[m.013b08h1],1038
Jill_Scott_[m.044gyq],1039
Jim_Belushi_[m.01wyzyl],1040
Jim_Breuer_[m.035gg8],1041
Jim_Carrey_[m.0lx2l],1042
Jim_Caviezel_[m.02gkq9],1043
Jim_Gaffigan_[m.05sg7z],1044
Jim_Morrison_[m.01w9ph_],1045
Jim_Nabors_[m.02pl77],1046
Jim_Parsons_[m.03c1yzy],1047
Jim_Root_[m.01wt4vq],1048
Jimmie_Johnson_[m.0464kx],1049
Jimmy_Butler_[m.05n_5s_],1050
Jimmy_Carter_[m.042kg],1051
Jimmy_Fallon_[m.01n5309],1052
Jimmy_Page_[m.01vsyg9],1053
Jj_Feild_[m.027c7g6],1054
Joan_Blondell_[m.01kgg9],1055
Joan_Crawford_[m.0cgbf],1056
Joan_Cusack_[m.01fwpt],1057
Joan_Fontaine_[m.018qms],1058
Joan_Rivers_[m.01nczg],1059
Joanna_Going_[m.0bl0yq],1060
Joanna_Krupa_[m.06kr_9],1061
Joaquin_Phoenix_[m.018db8],1062
Jobeth_Williams_[m.03cn92],1063
Jodi_Benson_[m.01tt94],1064
Jodie_Foster_[m.0chw_],1065
Jodie_Sweetin_[m.015htz],1066
Jody_Watley_[m.04jz3n],1067
Joe_Biden_[m.012gx2],1068
Joe_Cocker_[m.03f0vvr],1069
Joe_Hahn_[m.011_x9],1070
Joe_Jonas_[m.04cr6qv],1071
Joe_Lando_[m.067zq0],1072
Joe_Manganiello_[m.030v0r],1073
Joe_Pesci_[m.01pj5q],1074
Joe_Rogan_[m.01n33z],1075
Joel_Kinnaman_[m.0cmc3bp],1076
Joel_Mchale_[m.08ln_h],1077
Joey_Graceffa_[m.012l1gj2],1078
Joey_King_[m.03yk4pb],1079
Joey_Lauren_Adams_[m.03kwbr],1080
Joey_Lawrence_[m.01pr9kj],1081
Joey_Richter_[m.0gjccn9],1082
Joey_Slotnick_[m.05b0c3],1083
John_Barrowman_[m.06688p],1084
John_Belushi_[m.045p_],1085
John_Candy_[m.0mfj2],1086
John_Carroll_Lynch_[m.08lknx],1087
John_Cena_[m.01ypx5],1088
John_Cho_[m.03l3jy],1089
John_Cusack_[m.01gkmx],1090
John_Denver_[m.0f_y9],1091
John_Francis_Daley_[m.06q4rp],1092
John_Fugelsang_[m.07kyf1],1093
John_Garfield_[m.013846],1094
John_Goodman_[m.01nm3s],1095
John_Heard_[m.078g3l],1096
John_Hodgman_[m.03j2dq3],1097
John_Krasinski_[m.060j8b],1098
John_Legend_[m.01wcp_g],1099
John_Leguizamo_[m.04yj5z],1100
John_Lennon_[m.01vsl3_],1101
John_Lithgow_[m.01yk13],1102
John_Malkovich_[m.017r13],1103
John_Mayer_[m.01s21dg],1104
John_Mulaney_[m.03ckk1n],1105
John_Oliver_[m.0bz5v2],1106
John_Ratzenberger_[m.0p8r1],1107
John_Ritter_[m.01nzz8],1108
John_Snow_[m.04cc1r],1109
John_Stamos_[m.01wk7b7],1110
John_Terry_[m.029f79],1111
John_Travolta_[m.0f502],1112
John_Wayne_[m.043gj],1113
John_Williams_[m.0146pg],1114
John_Witherspoon_[m.05ykqb],1115
Johnathon_Schaech_[m.076bgw],1116
Johnny_Cash_[m.03h_fk5],1117
Johnny_Depp_[m.0jfx1],1118
Johnny_Galecki_[m.073dq5],1119
Jon_Bernthal_[m.026nbny],1120
Jon_Bon_Jovi_[m.01vw87c],1121
Jon_Cryer_[m.04g1bz],1122
Jon_Favreau_[m.01twdk],1123
Jon_Hamm_[m.09r9dp],1124
Jon_Huertas_[m.07sbt7s],1125
Jon_Lovitz_[m.02jm0n],1126
Jon_Seda_[m.04wt7n],1127
Jon_Stewart_[m.01j7rd],1128
Jonah_Hill_[m.0fby2t],1129
Jonathan_Banks_[m.05ntpg],1130
Jonathan_Groff_[m.02qqbx1],1131
Jonathan_Taylor_Thomas_[m.02n8yh],1132
Jonathan_Tucker_[m.04h5x2],1133
Jordan_Fisher_[m.0yq3z9v],1134
Jordan_Ladd_[m.077ytv],1135
Jordan_Peele_[m.0bpdk7],1136
Jordan_Spieth_[m.0c034s0],1137
Jordana_Brewster_[m.03wjxs],1138
Jordin_Sparks_[m.09k2t1],1139
Josh_Brolin_[m.03n_7k],1140
Josh_Dallas_[m.0glrc01],1141
Josh_Duhamel_[m.0331m0],1142
Josh_Dun_[m.0v98nss],1143
Josh_Gad_[m.02w7dfv],1144
Josh_Groban_[m.02bc74],1145
Josh_Hartnett_[m.01kgv4],1146
Josh_Holloway_[m.044mjy],1147
Josh_Homme_[m.01vng3b],1148
Josh_Hutcherson_[m.08wjf4],1149
Josh_Peck_[m.034047],1150
Josh_Radnor_[m.082v9y],1151
Josh_Sussman_[m.05ztm4r],1152
Joshua_Jackson_[m.03_6y],1153
Joy_Bryant_[m.08swgx],1154
Joy_Villa_[m.0sg7tnd],1155
Joyce_Dewitt_[m.01z7xt],1156
Jr_Smith_[m.044mp],1157
Juan_Gabriel_[m.01ztqk],1158
Judd_Nelson_[m.022769],1159
Jude_Law_[m.01r93l],1160
Judge_Reinhold_[m.032cqn],1161
Judy_Garland_[m.0g10g],1162
Judy_Greer_[m.08cn4_],1163
Judy_Reyes_[m.07jjmz],1164
Julia_Goldani_Telles_[m.0kny31j],1165
Julia_Jones_[m.09k5zgs],1166
Julia_Roberts_[m.046zh],1167
Julia_Stiles_[m.02jtjz],1168
Julian_Casablancas_[m.02lxhd],1169
Julianna_Margulies_[m.01z_g6],1170
Julianne_Hough_[m.049h3h6],1171
Julianne_Moore_[m.01kb2j],1172
Julie_Andrews_[m.0kftt],1173
Julie_Benz_[m.04lp8k],1174
Julie_Bowen_[m.031296],1175
Julie_Delpy_[m.014g9y],1176
Julie_Newmar_[m.017_xx],1177
Juliette_Lewis_[m.02g0mx],1178
Julio_Iglesias_[m.0swd5],1179
Jussie_Smollett_[m.08hdtr],1180
Justin_Baldoni_[m.0fcdsd],1181
Justin_Bieber_[m.06w2sn5],1182
Justin_Hartley_[m.04_j75],1183
Justin_Long_[m.07cjqy],1184
Justin_Rose_[m.04srtn],1185
Justin_Theroux_[m.070yzk],1186
Justin_Timberlake_[m.0j1yf],1187
Justine_Bateman_[m.032xlq],1188
Kaley_Cuoco_[m.03kxp7],1189
Kandi_Burruss_[m.01kx016],1190
Kang_Daniel_[g.11dfsj1hz3],1191
Kanye_West_[m.02l840],1192
Karen_Allen_[m.02jq_k],1193
Karim_Benzema_[m.0cdgm5],1194
Karla_Souza_[m.0gc90kh],1195
Karlie_Kloss_[m.03wf_y8],1196
Karol_Sevilla_[g.11b8twc97x],1197
Kat_Dennings_[m.0b0kzw],1198
Kat_Graham_[m.04n1xdl],1199
Kat_Von_D_[m.0g4t0d],1200
Kate_Bosworth_[m.03db_h],1201
Kate_Capshaw_[m.02d1k8],1202
Kate_Del_Castillo_[m.01804k],1203
Kate_Hudson_[m.01g23m],1204
Kate_Jackson_[m.01phkr],1205
Kate_Mara_[m.0b2pdr],1206
Kate_Mckinnon_[m.03qcvwn],1207
Kate_Mulgrew_[m.0ky6w],1208
Kate_Upton_[m.0gg8zn1],1209
Kate_Walsh_[m.06s6hs],1210
Kate_Winslet_[m.0dvld],1211
Katey_Sagal_[m.01f4sz],1212
Katharine_Hepburn_[m.0bw87],1213
Katharine_Ross_[m.02tcnx],1214
Katherine_Heigl_[m.025b5y],1215
Katherine_Helmond_[m.027txy],1216
Katherine_Lanasa_[m.0fbvhf],1217
Katherine_Mcnamara_[m.0gc6fn5],1218
Katherine_Waterston_[m.05srcbs],1219
Kathie_Lee_Gifford_[m.01yg9y],1220
Kathleen_Turner_[m.018_lb],1221
Kathy_Baker_[m.07s8r0],1222
Kathy_Bates_[m.02kxwk],1223
Kathy_Griffin_[m.02p21g],1224
Katie_Aselton_[m.09rss8s],1225
Katie_Cassidy_[m.06_prw],1226
Katie_Chang_[m.0vshm_4],1227
Katie_Holmes_[m.0bbf1f],1228
Katie_Lowes_[m.0gcxnx0],1229
Katrina_Bowden_[m.0266r6h],1230
Katt_Williams_[m.08_3pz],1231
Katy_Mixon_[m.05mybw3],1232
Katy_Perry_[m.03y82t6],1233
Kay_Cannon_[m.02778yp],1234
Keanu_Reeves_[m.0479b],1235
Keegan_Allen_[m.0cmb71_],1236
Keith_Stanfield_[m.0z405bs],1237
Keith_Urban_[m.05cljf],1238
Keke_Palmer_[m.0cp4b5],1239
Kellan_Lutz_[m.02pjwn5],1240
Kelly_Clarkson_[m.025ldg],1241
Kelly_Mccreary_[m.0gxcvx0],1242
Kelly_Monaco_[m.035kmq],1243
Kelly_Preston_[m.01pqy_],1244
Kelly_Ripa_[m.0164c4],1245
Kelly_Rohrbach_[g.11c2l7jjk5],1246
Kelly_Rowland_[m.01vx5w7],1247
Ken_Jeong_[m.02r39q7],1248
Ken_Marino_[m.05bmg8],1249
Kenan_Thompson_[m.030wkp],1250
Kendall_Jenner_[m.05_5_yx],1251
Kendall_Schmidt_[m.09g6vkc],1252
Kendrick_Lamar_[m.0g9x698],1253
Kenny_G_[m.02_128],1254
Kenny_Loggins_[m.01q3_2],1255
Kenny_Rogers_[m.01n8gr],1256
Kenny_Wormald_[m.0280bkt],1257
Keri_Russell_[m.026dw3],1258
Kerry_Washington_[m.07myb2],1259
Keshia_Knight_Pulliam_[m.0325_l],1260
Kevin_Alejandro_[m.026gv_1],1261
Kevin_Bacon_[m.04954],1262
Kevin_Costner_[m.0127m7],1263
Kevin_Durant_[m.0gxrc1],1264
Kevin_Gates_[m.0dy5g5q],1265
Kevin_Hart_[m.0ggp1n],1266
Kevin_James_[m.03xb2w],1267
Kevin_Jonas_[m.04d_mtq],1268
Kevin_Kline_[m.01gbn6],1269
Kevin_Mccarthy_[m.074qxm],1270
Kevin_Nash_[m.028nmp],1271
Kevin_Pollak_[m.02lf1j],1272
Kevin_Smith_[m.0gd9k],1273
Kevin_Sorbo_[m.0jt9z],1274
Keyshia_Cole_[m.01pkxs9],1275
Khloe_Kardashian_[m.043p2f2],1276
Ki_Hong_Lee_[m.0gkf_27],1277
Kian_Lawley_[g.11cllg9f71],1278
Kid_Cudi_[m.04n2vgk],1279
Kieran_Culkin_[m.056g8w],1280
Kiernan_Shipka_[m.0bbvr84],1281
Kiersey_Clemons_[m.0q3_861],1282
Kiko_Mizuhara_[m.0gjb6n6],1283
Killer_Mike_[m.05bcz5],1284
Kim_Basinger_[m.01d0fp],1285
Kim_Carnes_[m.02vcp0],1286
Kim_Coates_[m.029r27],1287
Kim_Jong_Un_[m.0fgw19],1288
Kim_Kardashian_[m.0261x8t],1289
Kim_Myers_[m.08hdrb],1290
Kim_Novak_[m.01mrvg],1291
Kim_Richards_[m.08l257],1292
Kim_Tae_[m.05zhtjx],1293
Kim_Taehyung_[m.0zb47xz],1294
Kimbra_[m.0cz7zxb],1295
Kirk_Cameron_[m.03106c],1296
Kirk_Douglas_[m.0j582],1297
Kirk_Franklin_[m.01kwlwp],1298
Kirsten_Dunst_[m.04fzk],1299
Kirstie_Alley_[m.01wc7p],1300
Kobe_Bryant_[m.01kmd4],1301
Kodak_Black_[g.11bx5phjvy],1302
Kourtney_Kardashian_[m.043ttm7],1303
Kris_Jenner_[m.043rcw4],1304
Kristen_Bell_[m.04qt29],1305
Kristen_Johnston_[m.05xym_],1306
Kristen_Schaal_[m.025yhzx],1307
Kristen_Stewart_[m.07swvb],1308
Kristen_Wiig_[m.08vr94],1309
Kristin_Cavallari_[m.08wv1j],1310
Kristin_Chenoweth_[m.047c9l],1311
Kristin_Davis_[m.01pcdn],1312
Krysten_Ritter_[m.05mzx8g],1313
Kurt_Angle_[m.01yr5x],1314
Kurt_Cobain_[m.0484q],1315
Kurt_Russell_[m.01g969],1316
Kurt_Sutter_[m.02x2rf9],1317
Kyle_Chandler_[m.069nzr],1318
Kyle_Gass_[m.020t44],1319
Kyle_Maclachlan_[m.048hf],1320
Kyle_Mooney_[m.0h2vjs5],1321
Kyle_Richards_[m.07998x],1322
Kylie_Jenner_[m.05_5_yh],1323
Kylie_Minogue_[m.049qx],1324
Kyrie_Irving_[m.0ch52p4],1325
Lacey_Chabert_[m.02k4b2],1326
Lady_Gaga_[m.0478__m],1327
Lake_Bell_[m.07vzcn],1328
Lana_Del_Rey_[m.0h62t_s],1329
Lana_Parrilla_[m.05d5g_],1330
Lance_Bass_[m.015bw2],1331
Larry_David_[m.0q9zc],1332
Larry_Wilmore_[m.0cj27q],1333
Laura_Bailey_[m.091n7z],1334
Laura_Dern_[m.09zmys],1335
Laura_Innes_[m.04qz6n],1336
Laura_Leighton_[m.0338bx],1337
Laura_Linney_[m.020_95],1338
Laura_Marano_[m.02q7l91],1339
Laura_Pausini_[m.02khx7],1340
Laura_Prepon_[m.038fxl],1341
Laura_San_Giacomo_[m.0300lh],1342
Lauren_Bacall_[m.01mqz0],1343
Lauren_Cohan_[m.02qgyf1],1344
Lauren_Conrad_[m.0dq9wx],1345
Lauren_German_[m.0kt5dh],1346
Lauren_Graham_[m.03c6v3],1347
Lauren_Jauregui_[m.0vy6ytb],1348
Lauren_London_[m.0cmbr5],1349
Laurence_Fishburne_[m.014gf8],1350
Lauryn_Hill_[m.015mrk],1351
Laverne_Cox_[m.0j9pgk2],1352
Lea_Michele_[m.02qw2xb],1353
Leah_Remini_[m.03xb4v],1354
Lebron_James_[m.01jz6d],1355
Lee_Daniels_[m.02pgz7h],1356
Lee_Jong_Suk_[m.0h66781],1357
Lee_Min_Ho_[m.05b1zf9],1358
Lee_Pace_[m.0ft8w8],1359
Lee_Van_Cleef_[m.04r0b],1360
Leelee_Sobieski_[m.016zdd],1361
Leighton_Meester_[m.092ggq],1362
Lena_Dunham_[m.0b3w054],1363
Lena_Horne_[m.01n44c],1364
Lenny_Kravitz_[m.0161sp],1365
Leonard_Cohen_[m.0lccn],1366
Leonard_Nimoy_[m.0f13b],1367
Leonardo_Dicaprio_[m.0dvmd],1368
Lesley_Ann_Warren_[m.04bdqk],1369
Leslie_David_Baker_[m.0cnl09],1370
Leslie_Grossman_[m.0bh_x_],1371
Leslie_Jones_[m.0yvpgvf],1372
Leslie_Mann_[m.034c_n],1373
Leslie_Nielsen_[m.0fb7c],1374
Levar_Burton_[m.0lzb8],1375
Lewis_Black_[m.01x4r3],1376
Lewis_Hamilton_[m.031_jy],1377
Lia_Marie_Johnson_[m.0vpjrk6],1378
Liam_Aiken_[m.02tr9k],1379
Liam_Gallagher_[m.0188n0],1380
Liam_Neeson_[m.0h5g_],1381
Liam_Payne_[m.0g7kbcz],1382
Liana_Liberato_[m.02vyxkm],1383
Liev_Schreiber_[m.0prfz],1384
Lil_Dicky_[m.010lvgg4],1385
Lil_Jon_[m.01vw_dv],1386
Lil_Kim_[m.01wyz92],1387
Lil_Mama_[m.02qpbt8],1388
Lil_Peep_[g.11c30v6fn7],1389
Lil_Pump_[g.11dyxzlwk2],1390
Lil_Uzi_Vert_[g.11cmdgj9d4],1391
Lil_Wayne_[m.016kjs],1392
Lil_Xan_[g.11f1wjx2nw],1393
Lil_Yachty_[g.11c20935xn],1394
Lili_Reinhart_[m.0qscvd0],1395
Lili_Simmons_[m.0h5k5hg],1396
Lily_Aldridge_[m.026z9db],1397
Lily_Collins_[m.03hh6bw],1398
Lily_Rabe_[m.07b1wt],1399
Lily_Tomlin_[m.011_3s],1400
Linda_Blair_[m.020xv2],1401
Linda_Cardellini_[m.02pjvc],1402
Lindsay_Lohan_[m.01pgzn_],1403
Lindsey_Morgan_[m.0vppw7_],1404
Lindsey_Pelas_[g.11byydsw1b],1405
Lionel_Messi_[m.06qjgc],1406
Lionel_Richie_[m.016vqk],1407
Lisa_Bonet_[m.0156dg],1408
Lisa_Kudrow_[m.016tb7],1409
Lisa_Loeb_[m.029rj5],1410
Lisa_Marie_[m.0qlry],1411
Lisa_Rinna_[m.0347c_],1412
Liv_Tyler_[m.01rh0w],1413
Liza_Koshy_[g.11c58388h3],1414
Lizabeth_Scott_[m.05qtz0],1415
Lizzy_Caplan_[m.045vbp],1416
Ll_Cool_J_[m.01vvyd8],1417
Logan_Henderson_[m.09v62rq],1418
Logan_Lerman_[m.04f1s6],1419
Lorde_[m.0t_fck_],1420
Loretta_Devine_[m.04pp9s],1421
Loretta_Young_[m.01934k],1422
Lou_Ferrigno_[m.04qx9],1423
Lou_Rawls_[m.02wh45],1424
Louie_Anderson_[m.02xcmx],1425
Louis_De_Funes_[m.022dln],1426
Louis_Tomlinson_[m.0h3cm8r],1427
Louise_Brooks_[m.019q4l],1428
Luan_Santana_[m.0gh91m8],1429
Lucas_Till_[m.09tpw5],1430
Lucille_Ball_[m.04nw9],1431
Lucy_Hale_[m.0754d6],1432
Lucy_Liu_[m.011zd3],1433
Ludacris_[m.01vw37m],1434
Luis_Enrique_[m.02w_lp],1435
Luis_Miguel_[m.020hyj],1436
Luke_Benward_[m.0gply6],1437
Luke_Bryan_[m.02vpng6],1438
Luke_Grimes_[m.05c221h],1439
Luke_Hemmings_[m.0_8ntqw],1440
Luke_Perry_[m.01g65g],1441
Luke_Wilson_[m.030vnj],1442
Luther_Vandross_[m.01k_mc],1443
Lynda_Carter_[m.032kt3],1444
Lyndsy_Fonseca_[m.026zvx7],1445
Mac_Demarco_[m.0nhyh0r],1446
Mac_Miller_[m.0dln428],1447
Macaulay_Culkin_[m.01f5q5],1448
Machine_Gun_Kelly_[m.0gjcnwm],1449
Mackenzie_Foy_[m.0dgq_7z],1450
Macklemore_[m.0crcmvm],1451
Macy_Gray_[m.03f1d47],1452
Maddie_Ziegler_[m.0rdhh05],1453
Madeline_Kahn_[m.02ch1w],1454
Madison_De_La_Garza_[m.05b155g],1455
Madison_Lintz_[m.0gdlh92],1456
Madison_Pettis_[m.026z42f],1457
Madonna_[m.01vs_v8],1458
Mae_Clarke_[m.07ncw4],1459
Mae_West_[m.017b5l],1460
Mae_Whitman_[m.013vdl],1461
Maggie_Grace_[m.03_wpf],1462
Maggie_Gyllenhaal_[m.023mdt],1463
Maggie_Q_[m.09qy40],1464
Maggie_Siff_[m.04lfl3q],1465
Magic_Johnson_[m.095nx],1466
Mahershala_Ali_[m.06wgc5],1467
Maika_Monroe_[m.0p79qjm],1468
Maila_Nurmi_[m.04_4y5],1469
Malik_Yoba_[m.056b4h],1470
Maluma_[m.0y7r5y0],1471
Mandy_Moore_[m.01_ztw],1472
Manny_Pacquiao_[m.03pmbb],1473
Manuel_Neuer_[m.02899ft],1474
Mara_Wilson_[m.032bgr],1475
Marc_Anthony_[m.01wv9p],1476
Marc_Evan_Jackson_[m.0bhjwvt],1477
Marcia_Cross_[m.0443y3],1478
Marco_Reus_[m.05c04hm],1479
Maren_Morris_[g.11bwycc0kf],1480
Margaret_Qualley_[m.0644lkp],1481
Margot_Robbie_[m.04yddgx],1482
Maria_Bello_[m.01tvz5j],1483
Maria_De_Filippi_[m.05c0yy6],1484
Maria_Kanellis_[m.05ks1t],1485
Maria_Menounos_[m.03rx2p],1486
Maria_Montez_[m.02s9tl],1487
Maria_Sharapova_[m.03b7gw],1488
Mariah_Carey_[m.04xrx],1489
Marilyn_Manson_[m.03h502k],1490
Marilyn_Monroe_[m.04wqr],1491
Mario_Casas_[m.0gw_5jw],1492
Mario_Lopez_[m.02w5q6],1493
Marisa_Miller_[m.02kg76],1494
Marisa_Tomei_[m.01g257],1495
Mariska_Hargitay_[m.027j40],1496
Mark_Hamill_[m.0154d7],1497
Mark_Ruffalo_[m.035rnz],1498
Mark_Tuan_[m.01222hx4],1499
Mark_Wahlberg_[m.0gy6z9],1500
Mark_Webber_[m.02qh03],1501
Marlene_Dietrich_[m.012gbb],1502
Marlon_Brando_[m.04__f],1503
Marlon_Wayans_[m.02_l96],1504
Marques_Houston_[m.01pl79y],1505
Marshall_Allman_[m.09xpq1],1506
Marshawn_Lynch_[m.07kfrl],1507
Martha_Hunt_[m.07bmd2z],1508
Martha_Stewart_[m.01b370],1509
Martin_Garrix_[m.0wy38b1],1510
Martin_Lawrence_[m.02633g],1511
Martin_Scorsese_[m.04sry],1512
Martin_Sheen_[m.0hvb2],1513
Martin_Starr_[m.06sj3p],1514
Marvin_Gaye_[m.012z8_],1515
Mary_Astor_[m.02qhm3],1516
Mary_Elizabeth_Mastrantonio_[m.01msrs],1517
Mary_Elizabeth_Winstead_[m.073x6y],1518
Mary_Mccormack_[m.05l4yg],1519
Mary_Mcdonnell_[m.02js9p],1520
Mary_Pickford_[m.04rfq],1521
Mary_Tyler_Moore_[m.057hz],1522
Matt_Bellamy_[m.04kjrv],1523
Matt_Bomer_[m.03pmk3],1524
Matt_Cohen_[m.0261yjc],1525
Matt_Czuchry_[m.08fhn5],1526
Matt_Damon_[m.0169dl],1527
Matt_Dillon_[m.026r8q],1528
Matt_Hardy_[m.01zqb7],1529
Matt_Lanter_[m.0b2l8f],1530
Matt_Leblanc_[m.01rrd4],1531
Matt_Long_[m.04b069],1532
Matt_Smith_[m.04qbht5],1533
Matt_Stone_[m.01_x6d],1534
Matthew_Broderick_[m.01vlj1g],1535
Matthew_Daddario_[m.0hflswz],1536
Matthew_Davis_[m.077z_z],1537
Matthew_Fox_[m.02k4gv],1538
Matthew_Gray_Gubler_[m.0cy_ct],1539
Matthew_Lillard_[m.03nkts],1540
Matthew_Mcconaughey_[m.02mjf2],1541
Matthew_Mercer_[m.04gn01q],1542
Matthew_Moy_[m.05q7s23],1543
Matthew_Perry_[m.01hxs4],1544
Maureen_Mccormick_[m.09r5vy],1545
Max_Greenfield_[m.02qs8zh],1546
Maya_Angelou_[m.01q9b9],1547
Maya_Rudolph_[m.02k21g],1548
Mayim_Bialik_[m.035grg],1549
Mc_Hammer_[m.01wgfp6],1550
Mckayla_Maroney_[m.0h3v_zt],1551
Meagan_Good_[m.01xg_w],1552
Meaghan_Martin_[m.03d4_6z],1553
Meg_Ryan_[m.0dn3n],1554
Megan_Boone_[m.0cp06rv],1555
Megan_Fox_[m.05vk_d],1556
Megan_Mullally_[m.033jkj],1557
Meghan_Markle_[m.02r3w8r],1558
Meghan_Trainor_[m.0j8djs0],1559
Mel_Brooks_[m.052hl],1560
Mel_Gibson_[m.0c1pj],1561
Melania_Trump_[m.04hfnv],1562
Melanie_Griffith_[m.02g0rb],1563
Melanie_Iglesias_[m.0sxd90q],1564
Melanie_Martinez_[m.0qb4x22],1565
Melinda_Clarke_[m.02x6xy],1566
Melissa_Benoist_[m.0gcd9xj],1567
Melissa_Etheridge_[m.0lgsq],1568
Melissa_Fumero_[m.04cr7y],1569
Melissa_Joan_Hart_[m.012_53],1570
Melissa_Mcbride_[m.0gg8gpt],1571
Melissa_Mccarthy_[m.03_29d],1572
Melissa_Rauch_[m.02p_cbm],1573
Merle_Haggard_[m.01ww2fs],1574
Meryl_Streep_[m.0h0wc],1575
Method_Man_[m.03j149k],1576
Mia_Farrow_[m.01cpqk],1577
Mia_Khalifa_[m.012m5s24],1578
Michael_B_Jordan_[m.072t_0],1579
Michael_Berryman_[m.051tjf],1580
Michael_Biehn_[m.02d6n_],1581
Michael_Blackson_[m.05p6_gr],1582
Michael_Bolton_[m.02p68d],1583
Michael_Cera_[m.03q3sy],1584
Michael_Douglas_[m.0kjgl],1585
Michael_Ealy_[m.05525t],1586
Michael_Fassbender_[m.08qxx9],1587
Michael_Fox_[m.0hz_1],1588
Michael_Ian_Black_[m.03j0zs9],1589
Michael_Imperioli_[m.02lfcm],1590
Michael_Jackson_[m.09889g],1591
Michael_Jordan_[m.054c1],1592
Michael_Keaton_[m.01j5ws],1593
Michael_Landes_[m.0ksx15],1594
Michael_Landon_[m.01rzy2],1595
Michael_Madsen_[m.02zyy4],1596
Michael_Malarkey_[m.064kvk6],1597
Michael_Michele_[m.08z848],1598
Michael_Pitt_[m.03w1v2],1599
Michael_Richards_[m.0q9vf],1600
Michael_Rosenbaum_[m.0q1lp],1601
Michael_Shannon_[m.0cjsxp],1602
Michael_Steger_[m.043nyt2],1603
Michael_Strahan_[m.04pkym],1604
Michael_Trevino_[m.0cgdgk],1605
Michele_Morgan_[m.056906],1606
Michelle_Krusiec_[m.08ntzt],1607
Michelle_Monaghan_[m.063_g_],1608
Michelle_Pfeiffer_[m.0gx_p],1609
Michelle_Rodriguez_[m.01sl1q],1610
Michelle_Trachtenberg_[m.01lym8],1611
Michelle_Visage_[m.06t1ms],1612
Michelle_Williams_[m.03mp9s],1613
Mick_Jagger_[m.01kx_81],1614
Mickey_Rourke_[m.02m501],1615
Miguel_Ferrer_[m.03vgp7],1616
Mike_Birbiglia_[m.072mhn],1617
Mike_Epps_[m.06l9n8],1618
Mike_Minor_[m.03cfbmd],1619
Mike_Myers_[m.0p__8],1620
Mike_Shinoda_[m.012hqb],1621
Mike_Tyson_[m.09qvs],1622
Mila_Kunis_[m.023v4_],1623
Milana_Vayntrub_[m.0svx34w],1624
Miles_Davis_[m.053yx],1625
Miles_Heizer_[m.04cxxjn],1626
Miles_Teller_[m.0gmghf_],1627
Miley_Cyrus_[m.0bdxs5],1628
Milla_Jovovich_[m.0151ns],1629
Milo_Ventimiglia_[m.03mt30],1630
Mindy_Kaling_[m.0h3mrc],1631
Minka_Kelly_[m.026txvs],1632
Miranda_Cosgrove_[m.035sy9],1633
Miranda_Lambert_[m.086rld],1634
Mircea_Monroe_[m.04jdxz7],1635
Mischa_Barton_[m.01qn8k],1636
Misha_Collins_[m.06s4_k],1637
Missy_Elliott_[m.018n6m],1638
Mitch_Pileggi_[m.0443xn],1639
Molly_Quinn_[m.05zk8pr],1640
Molly_Ringwald_[m.01wq0_s],1641
Molly_Shannon_[m.02yplc],1642
Momma_Dee_[m.0t5b2wd],1643
Monica_Potter_[m.03w2f5],1644
Monica_Raymund_[m.05c11yp],1645
Monique_Coleman_[m.0c3t71],1646
Montgomery_Clift_[m.01388c],1647
Morena_Baccarin_[m.01qj95],1648
Morgan_Freeman_[m.055c8],1649
Moria_Casan_[m.0dq97x],1650
Morris_Chestnut_[m.0hqyy],1651
Mos_Def_[m.03f4xvm],1652
Muddy_Waters_[m.01w36yx],1653
Muhammad_Ali_[m.0h353],1654
Myrna_Loy_[m.012vf6],1655
Naomi_Campbell_[m.01pcrw],1656
Naomi_Grossman_[m.011by3vd],1657
Nas_[m.01v40wd],1658
Nash_Grier_[m.010hplzg],1659
Natalie_Alyn_Lind_[m.0cv4qsy],1660
Natalie_Dormer_[m.02qfkfh],1661
Natalie_La_Rose_[m.012njtlx],1662
Natalie_Portman_[m.09l3p],1663
Natalie_Wood_[m.0k8y7],1664
Natalie_Zea_[m.06qwtx],1665
Natasha_Lyonne_[m.032bfz],1666
Nate_Diaz_[m.02q10_f],1667
Nate_Parker_[m.04y7j9z],1668
Nathan_Fillion_[m.02s_qz],1669
Naya_Rivera_[m.07sgfsl],1670
Neil_Degrasse_Tyson_[m.06b26l],1671
Neil_Diamond_[m.015_30],1672
Neil_Patrick_Harris_[m.0347db],1673
Neil_Young_[m.0m2l9],1674
Nelly_Furtado_[m.0bqsy],1675
Nelly_[m.016pns],1676
Nene_Leakes_[m.0804yvm],1677
Neymar_[m.03m5111],1678
Nia_Jax_[m.011jz2xf],1679
Nia_Long_[m.03km_1],1680
Niall_Horan_[m.0h3clcp],1681
Nicholas_Brendon_[m.01f9p0],1682
Nick_Cannon_[m.01d1st],1683
Nick_Carter_[m.04wj2h],1684
Nick_Jonas_[m.04f7c55],1685
Nick_Kroll_[m.02x3sfy],1686
Nick_Nolte_[m.0lkr7],1687
Nick_Offerman_[m.08k85_],1688
Nick_Robinson_[m.0czbf2g],1689
Nick_Searcy_[m.0265l2v],1690
Nick_Stahl_[m.059s7d],1691
Nick_Swardson_[m.09r0yc],1692
Nick_Young_[m.027t891],1693
Nicki_Minaj_[m.047sxrj],1694
Nicky_Jam_[m.01q7z27],1695
Nico_Tortorella_[m.07s8205],1696
Nicola_Peltz_[m.05q8drc],1697
Nicolas_Cage_[m.01vvb4m],1698
Nicole_Ari_Parker_[m.06fpft],1699
Nicole_Bahls_[m.0lpxst4],1700
Nicole_Kidman_[m.05dbf],1701
Niecy_Nash_[m.06qd2n],1702
Nikki_Bella_[m.04zyz49],1703
Nikki_Cox_[m.044r7p],1704
Nina_Dobrev_[m.027nwk2],1705
Nina_Siemaszko_[m.06y7t6],1706
Ning_Zetao_[m.0120w9vy],1707
Noah_Centineo_[m.0gxdbnq],1708
Noah_Crawford_[m.062_908],1709
Noah_Cyrus_[m.04g4m5l],1710
Noah_Schnapp_[m.02nwzb4],1711
Nolan_North_[m.0f45hp],1712
Norman_Kerry_[m.0cws6m],1713
Norman_Reedus_[m.0bs6hr],1714
Novak_Djokovic_[m.09n70c],1715
Octavia_Spencer_[m.027f7dj],1716
Oliver_Hardy_[m.0lh0c],1717
Oliver_Hudson_[m.05bn39],1718
Oliver_Platt_[m.02xv8m],1719
Olivia_De_Havilland_[m.0m6x4],1720
Olivia_Holt_[m.0gxz7tx],1721
Olivia_Munn_[m.0cfr_9],1722
Olivia_Palermo_[m.05c25hv],1723
Olivia_Thirlby_[m.025yjfc],1724
Olivia_Wilde_[m.04x1_w],1725
Omar_Epps_[m.02_tv5],1726
Omar_Gooding_[m.05cgxx],1727
Oprah_Winfrey_[m.0grwj],1728
Orlando_Brown_[m.0cd1_p],1729
Orlando_Jones_[m.04h2_m],1730
Orson_Welles_[m.05kh_],1731
Oscar_Isaac_[m.0czv3f],1732
Owen_Wilson_[m.01q_ph],1733
Ozzy_Osbourne_[m.01vtqml],1734
Pabllo_Vittar_[g.11cjzgtbln],1735
Paget_Brewster_[m.04cj65],1736
Pam_Grier_[m.0418ft],1737
Pamela_Anderson_[m.05r5w],1738
Paris_Hilton_[m.0227vl],1739
Paris_Jackson_[m.0598rm4],1740
Park_Jimin_[m.0zb47rn],1741
Parker_Posey_[m.02qx69],1742
Patricia_Arquette_[m.023tp8],1743
Patrick_Dempsey_[m.034x61],1744
Patrick_Flueger_[m.0b6j7h],1745
Patrick_Fugit_[m.06y65z],1746
Patrick_Renna_[m.07v9mx],1747
Patrick_Schwarzenegger_[m.0gttlcb],1748
Patrick_Stewart_[m.0jbp0],1749
Patrick_Swayze_[m.02h3tp],1750
Patrick_Wilson_[m.055zkh],1751
Patton_Oswalt_[m.04l19_],1752
Paul_Dano_[m.0fsm8c],1753
Paul_Giamatti_[m.0zcbl],1754
Paul_Mccartney_[m.03j24kf],1755
Paul_Michael_Glaser_[m.04y3q2],1756
Paul_Newman_[m.0d6d2],1757
Paul_Pogba_[m.0g9zr9n],1758
Paul_Reiser_[m.01y0y6],1759
Paul_Reubens_[m.05zjx],1760
Paul_Rudd_[m.032w8h],1761
Paul_Ryan_[m.024v2j],1762
Paul_Scheer_[m.076wp0],1763
Paul_Simon_[m.0ddkf],1764
Paul_Walker_[m.01kgxf],1765
Paul_Wesley_[m.0fg8vz],1766
Paula_Abdul_[m.05szp],1767
Paula_Deen_[m.05dpch],1768
Paula_Patton_[m.0ghsvt],1769
Pauley_Perrette_[m.06z8cv],1770
Paulina_Gretzky_[m.02314q],1771
Pauly_Shore_[m.01sbhvd],1772
Paz_De_La_Huerta_[m.026v437],1773
Pedro_Infante_[m.03gxg3],1774
Pedro_Pascal_[m.0gl12tc],1775
Penny_Johnson_Jerald_[m.04322z],1776
Pete_Davidson_[m.011t8hsj],1777
Peter_Berg_[m.064jjy],1778
Peter_Dinklage_[m.02624g],1779
Peter_Facinelli_[m.07ncs0],1780
Peter_Falk_[m.05xpv],1781
Peter_Gabriel_[m.0fhxv],1782
Peter_Gallagher_[m.0301yj],1783
Peter_Weller_[m.04t969],1784
Peyton_List_[m.03hg4m6],1785
Peyton_Meyer_[m.0y49dl1],1786
Pharrell_Williams_[m.04mn81],1787
Phil_Collins_[m.0140t7],1788
Phil_Hartman_[m.03d_zl4],1789
Phil_Mickelson_[m.02t8t9],1790
Philip_Michael_Thomas_[m.03lgs2],1791
Philip_Seymour_Hoffman_[m.02qgqt],1792
Phoebe_Cates_[m.0151fv],1793
Phylicia_Rashad_[m.02xnrd],1794
Pierce_Brosnan_[m.018p4y],1795
Piper_Perabo_[m.02bqxt],1796
Portia_De_Rossi_[m.01pcz9],1797
Post_Malone_[g.11bw82cs0m],1798
Powers_Boothe_[m.02p7_k],1799
Prince_Harry_[m.03rbf],1800
Prince_[m.0xnc3],1801
Queen_Elizabeth_[m.0d1_f],1802
Queen_Latifah_[m.01wgcvn],1803
Quentin_Tarantino_[m.0693l],1804
Questlove_[m.01wzkd9],1805
Quincy_Jones_[m.01wd9lv],1806
Rachel_Bilson_[m.047hpm],1807
Rachel_Bloom_[m.0gx_rk8],1808
Rachel_Boston_[m.02v3h0],1809
Rachel_Dratch_[m.04bk4c],1810
Rachel_Keller_[g.11bwn37lll],1811
Rachel_Mcadams_[m.0391jz],1812
Rachel_Nichols_[m.07mgx2],1813
Radamel_Falcao_[m.02697mr],1814
Rafael_Nadal_[m.051q39],1815
Raheem_Sterling_[m.0bby3w4],1816
Rainn_Wilson_[m.083chw],1817
Ralph_Macchio_[m.02rv8m],1818
Rami_Malek_[m.0bjmss],1819
Randy_Newman_[m.016szr],1820
Randy_Orton_[m.0312n_],1821
Randy_Quaid_[m.01w23w],1822
Rashida_Jones_[m.078jnn],1823
Ray_Charles_[m.07s3vqk],1824
Ray_J_[m.01nr7rn],1825
Ray_Liotta_[m.02j490],1826
Ray_Romano_[m.01h910],1827
Reba_Mcentire_[m.01dpsv],1828
Rebecca_Black_[m.0gjd8f0],1829
Rebecca_De_Mornay_[m.0bvxd],1830
Rebecca_Gayheart_[m.03xhhd],1831
Rebecca_Romijn_[m.01k53x],1832
Rebel_Wilson_[m.0h7h0w],1833
Redman_[m.02xxsl],1834
Reese_Witherspoon_[m.0n6f8],1835
Regina_King_[m.05fmqq],1836
Rene_Russo_[m.01h0_w],1837
Retta_[m.09gfh5l],1838
Rex_Lee_[m.0g2gjz],1839
Ric_Flair_[m.01x1b_],1840
Richard_Cabral_[m.0h868kx],1841
Richard_Dreyfuss_[m.01520h],1842
Richard_Gere_[m.01438g],1843
Richard_Jenkins_[m.06lht1],1844
Richard_Marx_[m.03t852],1845
Richard_Pryor_[m.01hmk9],1846
Richard_Simmons_[m.012sq7],1847
Rick_Astley_[m.029kz0],1848
Rick_James_[m.024qwq],1849
Rick_Ross_[m.01ssf87],1850
Rick_Rude_[m.04bzb5],1851
Rick_Springfield_[m.0167km],1852
Ricki_Lake_[m.01l793],1853
Rickie_Fowler_[m.02x1mv2],1854
Ricky_Gervais_[m.015pxr],1855
Ricky_Martin_[m.01w61th],1856
Rihanna_[m.06mt91],1857
Riker_Lynch_[m.0gkyqpk],1858
Riley_Steele_[m.06w49df],1859
Ringo_Starr_[m.01vrnsk],1860
Rita_Hayworth_[m.01pl9g],1861
Rita_Moreno_[m.01x209s],1862
River_Phoenix_[m.015076],1863
Rob_Benedict_[m.02qdgcx],1864
Rob_Corddry_[m.04j_gs],1865
Rob_Delaney_[m.0hrcfzj],1866
Rob_Huebel_[m.071s5_],1867
Rob_Lowe_[m.01ggc9],1868
Rob_Riggle_[m.05gv6v],1869
Rob_Schneider_[m.01fyzy],1870
Rob_Thomas_[m.02s2wq],1871
Rob_Van_Dam_[m.01skvb],1872
Rob_Zombie_[m.01wg982],1873
Robbie_Jones_[m.09k4vz6],1874
Robert_Davi_[m.02bcvd],1875
Robert_De_Niro_[m.06cgy],1876
Robert_Downey_Jr_[m.016z2j],1877
Robert_Duvall_[m.015c4g],1878
Robert_Englund_[m.02t901],1879
Robert_Glasper_[m.0k_gxd],1880
Robert_Goulet_[m.01w5k7],1881
Robert_John_Burke_[m.0fw0l9],1882
Robert_Lewandowski_[m.03c2x_h],1883
Robert_Mitchum_[m.0m0hw],1884
Robert_Osborne_[m.09h9t1],1885
Robert_Patrick_[m.02f_k_],1886
Robert_Plant_[m.0pkyh],1887
Robert_Redford_[m.0gs1_],1888
Robert_Sean_Leonard_[m.067b98],1889
Robert_Smith_[m.01tp5bj],1890
Robert_Stack_[m.01h4rj],1891
Robert_Sterling_[m.0dj7cd],1892
Robert_Vaughn_[m.01hbq0],1893
Roberto_Carlos_[m.02bfyx],1894
Robin_Givens_[m.0hjxj],1895
Robin_Harris_[m.01p5_77],1896
Robin_Lord_Taylor_[m.0czsw_b],1897
Robin_Thicke_[m.01q32bd],1898
Robin_Tunney_[m.01lvht],1899
Robin_Williams_[m.0dzf_],1900
Robin_Wright_[m.06jzh],1901
Rod_Stewart_[m.0qf11],1902
Rodney_Dangerfield_[m.015b67],1903
Roger_Bart_[m.01wb8bs],1904
Roger_Federer_[m.01my95],1905
Roman_Reigns_[m.0bzvkq],1906
Romany_Malco_[m.0c861_],1907
Romeo_Santos_[m.09gdrgy],1908
Ron_Howard_[m.0g2lq],1909
Ron_Perlman_[m.03hhd3],1910
Ronald_Reagan_[m.06c0j],1911
Ronda_Rousey_[m.04gttgp],1912
Rooney_Mara_[m.047cqf3],1913
Rory_Calhoun_[m.05bw4t],1914
Rory_Cochrane_[m.034g2b],1915
Rory_Mcilroy_[m.0b86xd],1916
Rosalind_Russell_[m.018qpb],1917
Rosario_Dawson_[m.02_hj4],1918
Rose_Mcgowan_[m.01m4yn],1919
Rosie_Perez_[m.037ky3],1920
Ross_Butler_[g.11b8szj4mj],1921
Ross_Lynch_[m.0hn95_t],1922
Rowan_Blanchard_[m.0g51m5l],1923
Ruby_Rose_[m.04ljx6c],1924
Rupaul_[m.01lqf49],1925
Russell_Westbrook_[m.03y9ygn],1926
Russell_Wilson_[m.05c10yf],1927
Ruthie_Ann_Miles_[m.012rxr5_],1928
Ryan_Destiny_[g.11c30xx_1p],1929
Ryan_Dunn_[m.04sdsv],1930
Ryan_Gosling_[m.03m6_z],1931
Ryan_Guzman_[m.0hm23p2],1932
Ryan_Kelley_[m.0h0x2_],1933
Ryan_Lochte_[m.0bfyrl],1934
Ryan_Newman_[m.05fnrp],1935
Ryan_Phillippe_[m.01ksr1],1936
Ryan_Reynolds_[m.036hf4],1937
Ryan_Stiles_[m.012t1d],1938
Ryan_Tedder_[m.03bxwtd],1939
Sabrina_Carpenter_[m.0lkzqr1],1940
Sade_[m.02flz],1941
Sally_Field_[m.01jw4r],1942
Salma_Hayek_[m.06x58],1943
Salman_Khan_[m.01s0l0],1944
Salt_Bae_[g.11dxjkqcyv],1945
Sam_Elliott_[m.06m6p7],1946
Sam_Rockwell_[m.04wp3s],1947
Sam_Smith_[m.0t_ctj1],1948
Samantha_Bee_[m.04lkbt],1949
Samuel_L_Jackson_[m.0f5xn],1950
Sanaa_Lathan_[m.036ztw],1951
Sandra_Bullock_[m.0794g],1952
Saoirse_Ronan_[m.02qzpbk],1953
Sara_Gilbert_[m.026l1g],1954
Sara_Jean_Underwood_[m.0ctlx6],1955
Sara_Ramirez_[m.06czyr],1956
Sarah_Chalke_[m.03592b],1957
Sarah_Hyland_[m.0523pz4],1958
Sarah_Jessica_Parker_[m.0m66w],1959
Sarah_Mclachlan_[m.0133x7],1960
Sarah_Michelle_Gellar_[m.06w6_],1961
Sarah_Paulson_[m.06f8gb],1962
Sarah_Rafferty_[m.0h537hg],1963
Sarah_Shahi_[m.06cg_5],1964
Sarah_Silverman_[m.04bs3j],1965
Sasha_Alexander_[m.03z1cn],1966
Sasha_Banks_[m.0j9mxhl],1967
Sasha_Grey_[m.026c6lr],1968
Sasha_Pieterse_[m.06w878],1969
Scarlett_Johansson_[m.02114t],1970
Scarlett_Pomers_[m.02bktp],1971
Scatman_Crothers_[m.01rw116],1972
Scott_Aukerman_[m.0gkyf0],1973
Scott_Baio_[m.01p47r],1974
Scott_Bakula_[m.0f7tc],1975
Scott_Caan_[m.03_dxb],1976
Scott_Foley_[m.052sl3],1977
Scott_Krinsky_[m.05b2swv],1978
Scott_Parker_[m.04tkdf],1979
Scott_Patterson_[m.03w0bf],1980
Scott_Stapp_[m.04dxnn],1981
Scott_Weinger_[m.031sz2],1982
Sean_Astin_[m.0svqs],1983
Sean_Combs_[m.013w7j],1984
Sean_Connery_[m.06mr6],1985
Sean_Faris_[m.072gqb],1986
Sean_Hayes_[m.033jj1],1987
Sean_Kingston_[m.02rg9p2],1988
Sean_Murray_[m.0c5hsk],1989
Sean_Patrick_Flanery_[m.0790f7],1990
Sean_Paul_[m.01wglss],1991
Sean_Penn_[m.0sz28],1992
Sean_Young_[m.0380zg],1993
Seann_William_Scott_[m.03n08b],1994
Sebastian_Stan_[m.027y0tq],1995
Selena_Gomez_[m.0gs6vr],1996
Selena_Quintanilla_[m.01l72d6],1997
Selenis_Leyva_[m.0gc861j],1998
Selma_Blair_[m.01mqh5],1999
Sendhil_Ramamurthy_[m.0fh7mx],2000
Serena_Williams_[m.015z4j],2001
Sergio_Garcia_[m.03161m],2002
Sergio_Ramos_[m.07c4gd],2003
Serj_Tankian_[m.01386_],2004
Seth_Green_[m.0gz5hs],2005
Seth_Macfarlane_[m.021yw7],2006
Seth_Meyers_[m.05drr9],2007
Seth_Rogen_[m.05txrz],2008
Seth_Rollins_[m.026df51],2009
Sfera_Ebbasta_[g.11c20bq5k6],2010
Shahrukh_Khan_[m.01zh29],2011
Shailene_Woodley_[m.074bmq],2012
Shakira_[m.01wj18h],2013
Shane_Dawson_[m.04f169y],2014
Shane_Harper_[m.076vpq5],2015
Shania_Twain_[m.01x0yrt],2016
Shannon_Elizabeth_[m.06mmb],2017
Shantel_Vansanten_[m.043r7k_],2018
Sharon_Gless_[m.035nlb],2019
Sharon_Stone_[m.0btpx],2020
Shawn_Crahan_[m.053jk8],2021
Shawn_Mendes_[m.010rf07y],2022
Shawn_Michaels_[m.01skfv],2023
Shawn_Wayans_[m.030g9z],2024
Shawnee_Smith_[m.06t3nj],2025
Shelley_Hennig_[m.0c5_x5],2026
Shemar_Moore_[m.034_bc],2027
Sheri_Moon_Zombie_[m.0729vf],2028
Sherilyn_Fenn_[m.040nqh],2029
Sheryl_Crow_[m.06rgq],2030
Sheryl_Lee_Ralph_[m.094wz2],2031
Sheryl_Lee_[m.03vylk],2032
Shia_Labeouf_[m.04w391],2033
Shirley_Caesar_[m.02rrs8],2034
Shirley_Jones_[m.01tl50z],2035
Shirley_Maclaine_[m.01w1kyf],2036
Shirley_Temple_[m.03d9v8],2037
Sienna_Miller_[m.0456xp],2038
Sigourney_Weaver_[m.0h96g],2039
Silvio_Santos_[m.03djp_],2040
Simon_Cowell_[m.01pfkw],2041
Simone_Biles_[m.0r8k3_q],2042
Sinqua_Walls_[m.0g4s5wn],2043
Sissy_Spacek_[m.0h1nt],2044
Skai_Jackson_[m.0h95b3s],2045
Skeet_Ulrich_[m.053m30],2046
Skrillex_[m.0462ph1],2047
Sky_Ferreira_[m.09gfgf_],2048
Snoop_Dogg_[m.01vw8mh],2049
Sofia_Carson_[m.012ccjwz],2050
Sofia_Vergara_[m.05wty0],2051
Sophia_Bush_[m.05jv50],2052
Sophia_Loren_[m.01qq_lp],2053
Soulja_Boy_[m.02820z5],2054
Spike_Jonze_[m.06pk8],2055
Spike_Lee_[m.06pjs],2056
Stacy_Keibler_[m.01spqt],2057
Stan_Lee_[m.079vf],2058
Stan_Wawrinka_[m.07hp_p],2059
Stana_Katic_[m.0fd6sd],2060
Stanley_Tucci_[m.02bj6k],2061
Stark_Sands_[m.0ftygt],2062
Stassi_Schroeder_[m.01180hdk],2063
Stephanie_March_[m.067yrz],2064
Stephanie_Mcmahon_[m.01s7xt],2065
Stephen_Bishop_[m.01m0d7b],2066
Stephen_Colbert_[m.01xdf5],2067
Stephen_Curry_[m.0dw15r],2068
Stephen_Hawking_[m.01tdnyh],2069
Stephen_Rannazzisi_[m.09v22h5],2070
Stephen_Root_[m.0309lm],2071
Steve_Burns_[m.02bck9],2072
Steve_Buscemi_[m.01wbg84],2073
Steve_Carell_[m.04t2l2],2074
Steve_Harvey_[m.02lhtf],2075
Steve_Higgins_[m.05mxgd3],2076
Steve_Irwin_[m.0gtq5z],2077
Steve_Jobs_[m.06y3r],2078
Steve_Martin_[m.0p_47],2079
Steve_Mcqueen_[m.012cj0],2080
Steve_Zahn_[m.04fhxp],2081
Steven_Seagal_[m.0hqly],2082
Steven_Spielberg_[m.06pj8],2083
Steven_Strait_[m.075cx2],2084
Steven_Tyler_[m.01wmjkb],2085
Steven_Van_Zandt_[m.01l1sq],2086
Steven_Yeun_[m.0dk12xn],2087
Stevie_J_[m.061qn0],2088
Stevie_Nicks_[m.094xh],2089
Stevie_Wonder_[m.012x4t],2090
Sting_[m.0lbj1],2091
Stockard_Channing_[m.02mqc4],2092
Stone_Cold_Steve_Austin_[m.01zx8c],2093
Stoya_[m.04z_2jv],2094
Stromae_[m.0bbwbsx],2095
Summer_Glau_[m.039g0_],2096
Sunny_Leone_[m.0214xp],2097
Susan_Sarandon_[m.01vwllw],2098
Sutton_Foster_[m.01vq9zf],2099
Sylvester_Stallone_[m.0gn30],2100
T_Bone_Burnett_[m.0m_v0],2101
Taissa_Farmiga_[m.0h98s1h],2102
Tallulah_Bankhead_[m.01hfnk],2103
Tamala_Jones_[m.08tf3s],2104
Tamar_Braxton_[m.01q9f7y],2105
Tami_Roman_[m.07tlzjj],2106
Tara_Reid_[m.032wdd],2107
Tara_Strong_[m.01tszq],2108
Taran_Killam_[m.0cnf34],2109
Tasha_Smith_[m.02z8fjm],2110
Tawny_Kitaen_[m.03jzmk],2111
Taye_Diggs_[m.048s0r],2112
Taylor_Hill_[m.012vxmqg],2113
Taylor_Kinney_[m.03gz88g],2114
Taylor_Lautner_[m.07ldhs],2115
Taylor_Momsen_[m.067qp2],2116
Taylor_Schilling_[m.076vv89],2117
Taylor_Swift_[m.0dl567],2118
Taylor_York_[m.080cjh1],2119
Ted_Cruz_[m.07j6ty],2120
Ted_Danson_[m.01ft2l],2121
Teddy_Riley_[m.01wrbpv],2122
Teri_Polo_[m.04yqlk],2123
Terrence_Howard_[m.06g2d1],2124
Terry_Bradshaw_[m.0gc0d],2125
Terry_Crews_[m.063g7l],2126
Terry_Farrell_[m.022p5t],2127
Terry_Funk_[m.0332_f],2128
Tessa_Thompson_[m.08kp1f],2129
The_Miz_[m.06rg1v],2130
Thelma_Todd_[m.02bf2f],2131
Theo_James_[m.0gg9fdl],2132
Theo_Walcott_[m.088nzc],2133
Theresa_May_[m.01zczs],2134
Thiago_Silva_[m.026kmvf],2135
Thom_Yorke_[m.01p0w_],2136
Thomas_Gibson_[m.0336h6],2137
Thomas_Sadoski_[m.0641fzk],2138
Thundercat_[m.0nh9krx],2139
Tiffani_Thiessen_[m.07bsj],2140
Tiffany_Pollard_[m.025t1zn],2141
Tiger_Woods_[m.0bwdn],2142
Till_Lindemann_[m.03hqwm],2143
Tim_Allen_[m.019vgs],2144
Tim_Curry_[m.07rzf],2145
Tim_Heidecker_[m.05xkn8],2146
Tim_Kang_[m.05h3plv],2147
Tim_Mcgraw_[m.02lk95],2148
Tim_Meadows_[m.02ydq9],2149
Tim_Robbins_[m.01nr36],2150
Timbaland_[m.03f5spx],2151
Timothy_Olyphant_[m.05ml_s],2152
Tina_Fey_[m.0pz7h],2153
Tina_Turner_[m.01vwyqp],2154
Tinashe_[m.09v9fk8],2155
Tituss_Burgess_[m.063yr4q],2156
Tobey_Maguire_[m.015pkc],2157
Toby_Turner_[m.09tz16k],2158
Todrick_Hall_[m.0ztb6y8],2159
Tom_Arnold_[m.029pnn],2160
Tom_Baker_[m.015csj],2161
Tom_Brady_[m.01xyt7],2162
Tom_Cruise_[m.07r1h],2163
Tom_Hanks_[m.0bxtg],2164
Tom_Hardy_[m.05xf75],2165
Tom_Hiddleston_[m.03h4d3v],2166
Tom_Holland_[m.0p56ltb],2167
Tom_Jones_[m.0cg9y],2168
Tom_Morello_[m.0fpj4lx],2169
Tom_Parker_[m.03s1qf],2170
Tom_Petty_[m.0fq117k],2171
Tom_Selleck_[m.01pj3h],2172
Tom_Sizemore_[m.025j1t],2173
Tom_Verica_[m.043qp7],2174
Tom_Welling_[m.04kq6s],2175
Tom_Wilson_[m.0j7h_2b],2176
Tommy_Chong_[m.01twmp],2177
Tommy_Lee_Jones_[m.01kwsg],2178
Tommy_Wiseau_[m.0djhfk],2179
Toni_Braxton_[m.02h9_l],2180
Toni_Kroos_[m.02rf301],2181
Tony_Bennett_[m.01htxr],2182
Tony_Curtis_[m.0hwqg],2183
Tony_Danza_[m.01x4n7],2184
Tony_Goldwyn_[m.042z_g],2185
Tony_Hale_[m.03q3vd],2186
Tony_Hawk_[m.0l_s0],2187
Tony_Todd_[m.045gzq],2188
Topher_Grace_[m.028r4y],2189
Tori_Black_[m.04zzzw0],2190
Tori_Spelling_[m.0p17j],2191
Tove_Lo_[m.0wt63mj],2192
Tracee_Ellis_Ross_[m.03zcjf],2193
Traci_Lords_[m.018fyy],2194
Tracy_Morgan_[m.04tnqn],2195
Travis_Barker_[m.03xl77],2196
Travis_Scott_[m.0sghzm9],2197
Trent_Reznor_[m.01271h],2198
Trevor_Donovan_[m.02wb1jf],2199
Trevor_Jackson_[m.0jy08x2],2200
Trevor_Moore_[m.02qch7s],2201
Trey_Parker_[m.01_x6v],2202
Trey_Songz_[m.074vr1],2203
Triple_H_[m.01s4vc],2204
Trisha_Paytas_[m.0r4q0gk],2205
Tristan_Wilds_[m.0263q2w],2206
Trixie_Mattel_[g.11bxdzsfvd],2207
Troian_Bellisario_[m.09k4c__],2208
Troy_Baker_[m.0fzvpp],2209
Troye_Sivan_[m.043rt5k],2210
Tulisa_[m.06_ydgx],2211
Tupac_Shakur_[m.07pzc],2212
Tyler_Blackburn_[m.0gg56yp],2213
Tyler_Hoechlin_[m.01y9s0],2214
Tyler_James_Williams_[m.0d0ngx],2215
Tyler_Joseph_[g.1q66z_1rp],2216
Tyler_Perry_[m.05wm88],2217
Tyler_Posey_[m.02z3z92],2218
Tyler_The_Creator_[m.0crdtjw],2219
Tyra_Banks_[m.01jbx1],2220
Tyrone_Power_[m.02s58t],2221
Uma_Thurman_[m.0kjrx],2222
Usain_Bolt_[m.0cm3j1],2223
Usher_[m.01trhmt],2224
Uzo_Aduba_[m.0wf_g6w],2225
Val_Kilmer_[m.0d_84],2226
Vanessa_Bayer_[m.0czb5nf],2227
Vanessa_Hudgens_[m.09h4b5],2228
Vanessa_Marano_[m.02qlgn4],2229
Vanessa_Paradis_[m.030ldc],2230
Vanilla_Ice_[m.01vxqyl],2231
Vera_Farmiga_[m.07yp0f],2232
Veronica_Lake_[m.01xm6k],2233
Victoria_Justice_[m.07w71b],2234
Vida_Guerra_[m.040s7h],2235
Viggo_Mortensen_[m.01ps2h8],2236
Vin_Diesel_[m.025n3p],2237
Vince_Mcmahon_[m.01s7z0],2238
Vince_Neil_[m.01dqcq],2239
Vince_Vaughn_[m.0315q3],2240
Vincent_Gallo_[m.01fxck],2241
Vincent_Martella_[m.086ykt],2242
Vincent_Price_[m.013sg6],2243
Ving_Rhames_[m.032zg9],2244
Viola_Davis_[m.0gjvqm],2245
Virat_Kohli_[m.03qkvyf],2246
Vladimir_Putin_[m.08193],2247
Waka_Flocka_[m.09gnjnz],2248
Walter_Koenig_[m.01prm3],2249
Wanda_Sykes_[m.02wr2r],2250
Warren_Beatty_[m.0gyx4],2251
Wayne_Brady_[m.049dzvg],2252
Wayne_Rooney_[m.01c9z7],2253
Wendy_Williams_[m.0424yv],2254
Wentworth_Miller_[m.06p426],2255
Wes_Bentley_[m.02mlzj],2256
Wesley_Snipes_[m.02lymt],2257
Whitney_Houston_[m.086qd],2258
Whoopi_Goldberg_[m.0fb1q],2259
Wil_Wheaton_[m.0l_dv],2260
Wilford_Brimley_[m.03b4bw],2261
Will_Arnett_[m.03q43g],2262
Will_Estes_[m.043dpm],2263
Will_Ferrell_[m.018grr],2264
Will_Forte_[m.04h07s],2265
Will_Smith_[m.0147dk],2266
Willa_Holland_[m.07ncj_],2267
Willam_Belli_[m.0g0055],2268
Willem_Dafoe_[m.01f7dd],2269
William_Holden_[m.012v9y],2270
William_Levy_[m.03c3dqn],2271
William_Powell_[m.012dr7],2272
Willie_Nelson_[m.0137n0],2273
Willow_Smith_[m.03gq433],2274
Win_Butler_[m.05bz1b],2275
Winona_Ryder_[m.086sj],2276
Winter_Ave_Zoli_[m.05zttpb],2277
Wiz_Khalifa_[m.026yh6k],2278
Woody_Allen_[m.081lh],2279
Woody_Harrelson_[m.0170s4],2280
Wyatt_Nash_[m.010fllyr],2281
Wyclef_Jean_[m.01s1zk],2282
Xuxa_[m.02p452],2283
Yoko_Ono_[m.01nz1q6],2284
Yokozuna_[m.03304p],2285
Yunjin_Kim_[m.044n3h],2286
Yvonne_Craig_[m.03810h],2287
Zac_Efron_[m.06wm0z],2288
Zach_Braff_[m.036dyy],2289
Zach_Galifianakis_[m.02_0d2],2290
Zach_Mcgowan_[m.0gcb69_],2291
Zach_Woods_[m.0cc6llh],2292
Zachary_Gordon_[m.02q2vzj],2293
Zachary_Levi_[m.07v62b],2294
Zachary_Quinto_[m.0d02km],2295
Zak_Bagans_[m.080jjt1],2296
Zara_Larsson_[m.04crbhv],2297
Zayn_Malik_[m.0h3cltm],2298
Zedd_[m.0h52ky4],2299
Zendaya_[m.0ddf18x],2300
Zlatan_Ibrahimovic_[m.0367hz],2301
Zoe_Saldana_[m.05qg6g],2302
Zoey_Deutch_[m.0h636nn],2303
Zooey_Deschanel_[m.03rl84],2304
Zsa_Zsa_Gabor_[m.013ybx],2305
